/*******************************************************************************
 * Size: 25 px
 * Bpp: 8
 * Opts: --bpp 8 --size 25 --no-compress --font ../../Downloads/K2D/K2D-Medium.ttf --range 32-127 --format lvgl
 ******************************************************************************/

#ifdef __has_include
    #if __has_include("lvgl.h")
        #ifndef LV_LVGL_H_INCLUDE_SIMPLE
            #define LV_LVGL_H_INCLUDE_SIMPLE
        #endif
    #endif
#endif

#ifdef LV_LVGL_H_INCLUDE_SIMPLE
    #include "lvgl.h"
#else
    #include "lvgl.h"
#endif

#ifndef UI_FONT_K2_25
#define UI_FONT_K2_25 1
#endif

#if UI_FONT_K2_25

/*-----------------
 *    BITMAPS
 *----------------*/

/*Store the image of the glyphs*/
static LV_ATTRIBUTE_LARGE_CONST const uint8_t glyph_bitmap[] = {
    /* U+0020 " " */

    /* U+0021 "!" */
    0x0, 0x10, 0xad, 0xef, 0xb, 0x0, 0x7d, 0xff,
    0xff, 0xc, 0x0, 0x98, 0xff, 0xff, 0xc, 0x0,
    0x98, 0xff, 0xff, 0xc, 0x0, 0x98, 0xff, 0xff,
    0xc, 0x0, 0x98, 0xff, 0xff, 0xc, 0x0, 0x98,
    0xff, 0xff, 0xc, 0x0, 0x98, 0xff, 0xff, 0xc,
    0x0, 0x98, 0xff, 0xff, 0xc, 0x0, 0x98, 0xff,
    0xff, 0xc, 0x0, 0x98, 0xff, 0xf9, 0x4, 0x0,
    0x98, 0xff, 0x97, 0x0, 0x0, 0x36, 0x36, 0x0,
    0x0, 0x0, 0x0, 0x0, 0x0, 0x0, 0x0, 0x67,
    0xbc, 0x8c, 0x7, 0x33, 0xff, 0xff, 0xff, 0x72,
    0x43, 0xff, 0xff, 0xff, 0x83, 0x2, 0x9f, 0xf4,
    0xc4, 0x17,

    /* U+0022 "\"" */
    0x0, 0x69, 0xe7, 0xbd, 0x0, 0x8c, 0xef, 0x8e,
    0xe, 0xf9, 0xff, 0x6c, 0x34, 0xff, 0xff, 0x3d,
    0x41, 0xff, 0xfe, 0x1a, 0x6d, 0xff, 0xe8, 0x2,
    0x73, 0xff, 0xc5, 0x0, 0x9f, 0xff, 0x99, 0x0,
    0xa4, 0xff, 0x6c, 0x0, 0xd0, 0xff, 0x3f, 0x0,
    0xc8, 0xa8, 0x8, 0x5, 0xe9, 0x8a, 0x0, 0x0,
    0x0, 0x0, 0x0, 0x0, 0x0, 0x0, 0x0, 0x0,

    /* U+0023 "#" */
    0x0, 0x0, 0x0, 0x0, 0x0, 0x28, 0xc3, 0xdc,
    0x0, 0x0, 0x0, 0x0, 0x4b, 0xd5, 0xa8, 0x0,
    0x0, 0x0, 0x0, 0x0, 0x0, 0x0, 0x0, 0x0,
    0xa3, 0xff, 0xc6, 0x0, 0x0, 0x0, 0x0, 0xdb,
    0xff, 0x8d, 0x0, 0x0, 0x0, 0x0, 0x0, 0x0,
    0x0, 0x0, 0x0, 0xca, 0xff, 0xa5, 0x0, 0x0,
    0x0, 0x5, 0xfc, 0xff, 0x6b, 0x0, 0x0, 0x0,
    0x0, 0x0, 0x0, 0x0, 0x0, 0x0, 0xe9, 0xff,
    0x84, 0x0, 0x0, 0x0, 0x23, 0xff, 0xff, 0x4a,
    0x0, 0x0, 0x0, 0x0, 0x0, 0x0, 0x0, 0x0,
    0x9, 0xff, 0xff, 0x64, 0x0, 0x0, 0x0, 0x44,
    0xff, 0xff, 0x28, 0x0, 0x0, 0x0, 0x0, 0x0,
    0x60, 0xf0, 0xff, 0xff, 0xff, 0xff, 0xff, 0xff,
    0xff, 0xff, 0xff, 0xff, 0xff, 0xff, 0xff, 0xff,
    0xff, 0x17, 0x0, 0xce, 0xff, 0xff, 0xff, 0xff,
    0xff, 0xff, 0xff, 0xff, 0xff, 0xff, 0xff, 0xff,
    0xff, 0xff, 0xff, 0xcb, 0x1, 0x0, 0x30, 0x3c,
    0x3c, 0x8c, 0xff, 0xf1, 0x3c, 0x3c, 0x3c, 0x3c,
    0xa6, 0xff, 0xd6, 0x3c, 0x3c, 0x34, 0x6, 0x0,
    0x0, 0x0, 0x0, 0x0, 0x7f, 0xff, 0xd5, 0x0,
    0x0, 0x0, 0x0, 0xa2, 0xff, 0xb1, 0x0, 0x0,
    0x0, 0x0, 0x0, 0x0, 0x0, 0x0, 0x0, 0x98,
    0xff, 0xba, 0x0, 0x0, 0x0, 0x0, 0xbd, 0xff,
    0x96, 0x0, 0x0, 0x0, 0x0, 0x0, 0x0, 0x24,
    0x30, 0x30, 0xbd, 0xff, 0xb4, 0x30, 0x30, 0x30,
    0x30, 0xdd, 0xff, 0x96, 0x30, 0x30, 0x2e, 0x0,
    0x0, 0x9c, 0xff, 0xff, 0xff, 0xff, 0xff, 0xff,
    0xff, 0xff, 0xff, 0xff, 0xff, 0xff, 0xff, 0xff,
    0xff, 0xfa, 0x1, 0x0, 0xe4, 0xff, 0xff, 0xff,
    0xff, 0xff, 0xff, 0xff, 0xff, 0xff, 0xff, 0xff,
    0xff, 0xff, 0xff, 0xf6, 0x86, 0x0, 0x0, 0x0,
    0x0, 0x0, 0xf, 0xff, 0xff, 0x5c, 0x0, 0x0,
    0x0, 0x48, 0xff, 0xff, 0x24, 0x0, 0x0, 0x0,
    0x0, 0x0, 0x0, 0x0, 0x0, 0x2e, 0xff, 0xff,
    0x3d, 0x0, 0x0, 0x0, 0x67, 0xff, 0xfe, 0x7,
    0x0, 0x0, 0x0, 0x0, 0x0, 0x0, 0x0, 0x0,
    0x4c, 0xff, 0xff, 0x1e, 0x0, 0x0, 0x0, 0x86,
    0xff, 0xe6, 0x0, 0x0, 0x0, 0x0, 0x0, 0x0,
    0x0, 0x0, 0x0, 0x6b, 0xff, 0xf4, 0x3, 0x0,
    0x0, 0x0, 0xa5, 0xff, 0xc0, 0x0, 0x0, 0x0,
    0x0, 0x0, 0x0, 0x0, 0x0, 0x0, 0x85, 0xde,
    0x61, 0x0, 0x0, 0x0, 0x0, 0xbd, 0xce, 0x39,
    0x0, 0x0, 0x0, 0x0, 0x0, 0x0,

    /* U+0024 "$" */
    0x0, 0x0, 0x0, 0x0, 0x0, 0x0, 0x4c, 0x9d,
    0x0, 0x0, 0x0, 0x0, 0x0, 0x0, 0x0, 0x0,
    0x0, 0x0, 0x0, 0x0, 0x0, 0x94, 0xa8, 0x0,
    0x0, 0x0, 0x0, 0x0, 0x0, 0x0, 0x0, 0x0,
    0x0, 0x0, 0x0, 0x0, 0x98, 0xa8, 0x0, 0x0,
    0x0, 0x0, 0x0, 0x0, 0x0, 0x0, 0x0, 0x15,
    0x80, 0xca, 0xf0, 0xfe, 0xfe, 0xed, 0xc7, 0x78,
    0xe, 0x0, 0x0, 0x0, 0x0, 0x3b, 0xec, 0xff,
    0xff, 0xff, 0xff, 0xff, 0xff, 0xff, 0xff, 0xe8,
    0x33, 0x0, 0x0, 0x13, 0xec, 0xff, 0xfb, 0x9a,
    0x52, 0xb1, 0xba, 0x5a, 0xbc, 0xff, 0xff, 0xe5,
    0xc, 0x0, 0x69, 0xff, 0xff, 0x71, 0x0, 0x0,
    0x98, 0xa8, 0x0, 0x0, 0xa0, 0xff, 0xff, 0x4f,
    0x0, 0x8d, 0xff, 0xff, 0x25, 0x0, 0x0, 0x98,
    0xa8, 0x0, 0x0, 0x16, 0xfe, 0xff, 0x4c, 0x0,
    0x7b, 0xff, 0xff, 0x4b, 0x0, 0x0, 0x98, 0xa8,
    0x0, 0x0, 0x0, 0x9a, 0x74, 0x1, 0x0, 0x33,
    0xff, 0xff, 0xdf, 0x38, 0x0, 0x98, 0xa8, 0x0,
    0x0, 0x0, 0x0, 0x0, 0x0, 0x0, 0x0, 0x8f,
    0xff, 0xff, 0xff, 0xd0, 0xd6, 0xbc, 0x12, 0x0,
    0x0, 0x0, 0x0, 0x0, 0x0, 0x0, 0x0, 0x60,
    0xe2, 0xff, 0xff, 0xff, 0xff, 0xfd, 0xc6, 0x6c,
    0xd, 0x0, 0x0, 0x0, 0x0, 0x0, 0x0, 0x3,
    0x4c, 0x9a, 0xeb, 0xff, 0xff, 0xff, 0xff, 0xe9,
    0x52, 0x0, 0x0, 0x0, 0x0, 0x0, 0x0, 0x0,
    0x0, 0x98, 0xb8, 0x62, 0xb9, 0xfe, 0xff, 0xfd,
    0x4c, 0x0, 0x0, 0x42, 0x2e, 0x0, 0x0, 0x0,
    0x98, 0xa8, 0x0, 0x0, 0x40, 0xf5, 0xff, 0xd0,
    0x0, 0x83, 0xff, 0x93, 0x0, 0x0, 0x0, 0x98,
    0xa8, 0x0, 0x0, 0x0, 0xa0, 0xff, 0xfe, 0x7,
    0xcd, 0xff, 0xd9, 0x5, 0x0, 0x0, 0x98, 0xa8,
    0x0, 0x0, 0x0, 0x9f, 0xff, 0xff, 0xc, 0xb0,
    0xff, 0xff, 0x8f, 0x3, 0x0, 0x98, 0xa8, 0x0,
    0x0, 0x1f, 0xeb, 0xff, 0xdc, 0x0, 0x41, 0xfe,
    0xff, 0xff, 0xce, 0x77, 0xb7, 0xbc, 0x4f, 0x82,
    0xe9, 0xff, 0xff, 0x66, 0x0, 0x0, 0x62, 0xf6,
    0xff, 0xff, 0xff, 0xff, 0xff, 0xff, 0xff, 0xff,
    0xfd, 0x83, 0x0, 0x0, 0x0, 0x0, 0x1f, 0x87,
    0xcd, 0xed, 0xfe, 0xff, 0xf3, 0xd5, 0x97, 0x30,
    0x0, 0x0, 0x0, 0x0, 0x0, 0x0, 0x0, 0x0,
    0x0, 0x98, 0xa8, 0x0, 0x0, 0x0, 0x0, 0x0,
    0x0, 0x0, 0x0, 0x0, 0x0, 0x0, 0x0, 0x0,
    0x98, 0x9a, 0x0, 0x0, 0x0, 0x0, 0x0, 0x0,
    0x0, 0x0, 0x0, 0x0, 0x0, 0x0, 0x0, 0x45,
    0x1a, 0x0, 0x0, 0x0, 0x0, 0x0, 0x0, 0x0,

    /* U+0025 "%" */
    0x0, 0x0, 0x0, 0x0, 0x0, 0x0, 0x0, 0x0,
    0x0, 0x0, 0x0, 0x0, 0x0, 0x62, 0xe9, 0xd6,
    0xf, 0x0, 0x0, 0x0, 0x0, 0x0, 0x2d, 0xab,
    0xea, 0xf8, 0xd5, 0x77, 0x7, 0x0, 0x0, 0x0,
    0x0, 0x1d, 0xf9, 0xff, 0xb7, 0x0, 0x0, 0x0,
    0x0, 0x0, 0x38, 0xf6, 0xff, 0xff, 0xff, 0xff,
    0xff, 0xb8, 0x1, 0x0, 0x0, 0x0, 0x96, 0xff,
    0xff, 0x39, 0x0, 0x0, 0x0, 0x0, 0x0, 0xc0,
    0xff, 0xe7, 0x47, 0x26, 0x94, 0xff, 0xff, 0x48,
    0x0, 0x0, 0x1b, 0xf8, 0xff, 0xbb, 0x0, 0x0,
    0x0, 0x0, 0x0, 0x0, 0xe9, 0xff, 0x8d, 0x0,
    0x0, 0xd, 0xff, 0xff, 0x71, 0x0, 0x0, 0x92,
    0xff, 0xff, 0x3d, 0x0, 0x0, 0x0, 0x0, 0x0,
    0x0, 0xec, 0xff, 0x88, 0x0, 0x0, 0x8, 0xff,
    0xff, 0x74, 0x0, 0x19, 0xf7, 0xff, 0xbe, 0x0,
    0x0, 0x0, 0x0, 0x0, 0x0, 0x0, 0xec, 0xff,
    0x88, 0x0, 0x0, 0x8, 0xff, 0xff, 0x74, 0x0,
    0x8f, 0xff, 0xff, 0x40, 0x0, 0x0, 0x0, 0x0,
    0x0, 0x0, 0x0, 0xeb, 0xff, 0x8a, 0x0, 0x0,
    0xa, 0xff, 0xff, 0x73, 0x17, 0xf6, 0xff, 0xc2,
    0x0, 0x0, 0x0, 0x0, 0x0, 0x0, 0x0, 0x0,
    0xca, 0xff, 0xd9, 0x28, 0xa, 0x78, 0xff, 0xff,
    0x52, 0x8c, 0xff, 0xff, 0x44, 0x0, 0x0, 0x20,
    0x2b, 0xb, 0x0, 0x0, 0x0, 0x4b, 0xfc, 0xff,
    0xff, 0xff, 0xff, 0xff, 0xca, 0x19, 0xf4, 0xff,
    0xc5, 0x0, 0x59, 0xdf, 0xff, 0xff, 0xf8, 0xa0,
    0x13, 0x0, 0x0, 0x44, 0xcc, 0xff, 0xff, 0xf3,
    0x96, 0xf, 0x88, 0xff, 0xff, 0x47, 0x5d, 0xff,
    0xff, 0xff, 0xff, 0xff, 0xff, 0xc9, 0x2, 0x0,
    0x0, 0x0, 0xf, 0x1c, 0x4, 0x0, 0x13, 0xf3,
    0xff, 0xc9, 0x0, 0xd9, 0xff, 0xd7, 0x2b, 0xa,
    0x67, 0xff, 0xff, 0x42, 0x0, 0x0, 0x0, 0x0,
    0x0, 0x0, 0x0, 0x85, 0xff, 0xff, 0x4b, 0x0,
    0xf7, 0xff, 0x82, 0x0, 0x0, 0x0, 0xee, 0xff,
    0x5f, 0x0, 0x0, 0x0, 0x0, 0x0, 0x0, 0x11,
    0xf1, 0xff, 0xcc, 0x0, 0x0, 0xf8, 0xff, 0x80,
    0x0, 0x0, 0x0, 0xec, 0xff, 0x60, 0x0, 0x0,
    0x0, 0x0, 0x0, 0x0, 0x82, 0xff, 0xff, 0x4e,
    0x0, 0x0, 0xf8, 0xff, 0x80, 0x0, 0x0, 0x0,
    0xec, 0xff, 0x60, 0x0, 0x0, 0x0, 0x0, 0x0,
    0xf, 0xf0, 0xff, 0xcf, 0x0, 0x0, 0x0, 0xf5,
    0xff, 0x87, 0x0, 0x0, 0x1, 0xf2, 0xff, 0x5d,
    0x0, 0x0, 0x0, 0x0, 0x0, 0x7e, 0xff, 0xff,
    0x52, 0x0, 0x0, 0x0, 0xca, 0xff, 0xeb, 0x5d,
    0x3d, 0x98, 0xff, 0xff, 0x33, 0x0, 0x0, 0x0,
    0x0, 0xe, 0xee, 0xff, 0xd2, 0x1, 0x0, 0x0,
    0x0, 0x3f, 0xf8, 0xff, 0xff, 0xff, 0xff, 0xff,
    0xa3, 0x0, 0x0, 0x0, 0x0, 0x0, 0x7a, 0xff,
    0xfd, 0x4a, 0x0, 0x0, 0x0, 0x0, 0x0, 0x2f,
    0xaf, 0xed, 0xf7, 0xcf, 0x6a, 0x2, 0x0, 0x0,
    0x0, 0x0, 0x0, 0x21, 0x72, 0x3e, 0x0, 0x0,
    0x0, 0x0, 0x0, 0x0, 0x0, 0x0, 0x0, 0x0,
    0x0, 0x0, 0x0, 0x0,

    /* U+0026 "&" */
    0x0, 0x0, 0x2, 0x72, 0xd6, 0xf9, 0xe9, 0xa2,
    0x1e, 0x0, 0x0, 0x0, 0x0, 0x0, 0x0, 0x0,
    0x0, 0x0, 0x0, 0x94, 0xff, 0xff, 0xff, 0xff,
    0xff, 0xeb, 0x1e, 0x0, 0x0, 0x0, 0x0, 0x0,
    0x0, 0x0, 0x0, 0x22, 0xfe, 0xff, 0xe1, 0x68,
    0x93, 0xff, 0xff, 0x9e, 0x0, 0x0, 0x0, 0x0,
    0x0, 0x0, 0x0, 0x0, 0x5e, 0xff, 0xff, 0x58,
    0x0, 0x0, 0xd2, 0xff, 0xe0, 0x0, 0x0, 0x0,
    0x0, 0x0, 0x0, 0x0, 0x0, 0x60, 0xff, 0xff,
    0x44, 0x0, 0x0, 0xc1, 0xff, 0xe5, 0x0, 0x0,
    0x0, 0x0, 0x0, 0x0, 0x0, 0x0, 0x27, 0xff,
    0xff, 0xa8, 0x0, 0x2d, 0xfb, 0xff, 0xa2, 0x0,
    0x0, 0x0, 0x0, 0x0, 0x0, 0x0, 0x0, 0x0,
    0x9c, 0xff, 0xff, 0xa7, 0xe9, 0xff, 0xe9, 0x1f,
    0x0, 0x0, 0x0, 0x0, 0x0, 0x0, 0x0, 0x0,
    0x0, 0x6, 0xd7, 0xff, 0xff, 0xff, 0xe2, 0x2f,
    0x0, 0x0, 0x0, 0x0, 0x0, 0x0, 0x0, 0x0,
    0x0, 0xa, 0xa8, 0xff, 0xff, 0xff, 0xff, 0x8c,
    0x0, 0x0, 0x0, 0x0, 0x14, 0x38, 0x3, 0x0,
    0x0, 0x2, 0xb0, 0xff, 0xff, 0xc1, 0xc7, 0xff,
    0xff, 0x7e, 0x0, 0x0, 0x0, 0x3a, 0xff, 0xcd,
    0x5, 0x0, 0x58, 0xff, 0xff, 0xad, 0x2, 0xe,
    0xc8, 0xff, 0xff, 0x7d, 0x0, 0x0, 0x58, 0xff,
    0xff, 0x2c, 0x0, 0xb9, 0xff, 0xf7, 0x15, 0x0,
    0x0, 0xf, 0xca, 0xff, 0xff, 0x7c, 0x0, 0xaf,
    0xff, 0xfa, 0x11, 0x0, 0xdf, 0xff, 0xcd, 0x0,
    0x0, 0x0, 0x0, 0x10, 0xcb, 0xff, 0xff, 0xa3,
    0xfe, 0xff, 0x9d, 0x0, 0x0, 0xd6, 0xff, 0xde,
    0x0, 0x0, 0x0, 0x0, 0x0, 0x11, 0xcd, 0xff,
    0xff, 0xff, 0xe1, 0x12, 0x0, 0x0, 0x9e, 0xff,
    0xff, 0x53, 0x0, 0x0, 0x0, 0x0, 0x0, 0x6e,
    0xff, 0xff, 0xff, 0x9f, 0x0, 0x0, 0x0, 0x2a,
    0xf7, 0xff, 0xfd, 0xa9, 0x6d, 0x5f, 0x80, 0xd1,
    0xff, 0xff, 0xff, 0xff, 0xff, 0x8e, 0x0, 0x0,
    0x0, 0x4d, 0xf1, 0xff, 0xff, 0xff, 0xff, 0xff,
    0xff, 0xff, 0xd9, 0x5f, 0xe3, 0xff, 0xff, 0x91,
    0x0, 0x0, 0x0, 0x1c, 0x8a, 0xd5, 0xf3, 0xf7,
    0xe1, 0xac, 0x57, 0x4, 0x0, 0x20, 0xc5, 0xf5,
    0x81, 0x0,

    /* U+0027 "'" */
    0x0, 0x60, 0xe1, 0xdc, 0x0, 0xe, 0xf7, 0xff,
    0x8e, 0x0, 0x41, 0xff, 0xff, 0x3d, 0x0, 0x73,
    0xff, 0xe9, 0x2, 0x0, 0xa4, 0xff, 0x93, 0x0,
    0x0, 0xc9, 0xb8, 0x14, 0x0, 0x0, 0x0, 0x0,
    0x0, 0x0, 0x0,

    /* U+0028 "(" */
    0x0, 0x0, 0x0, 0x49, 0xe0, 0xdf, 0x2a, 0x0,
    0x0, 0x21, 0xf3, 0xff, 0xd2, 0x7, 0x0, 0x1,
    0xc0, 0xff, 0xf8, 0x2d, 0x0, 0x0, 0x4b, 0xff,
    0xff, 0x8d, 0x0, 0x0, 0x0, 0xbe, 0xff, 0xf8,
    0x19, 0x0, 0x0, 0x21, 0xff, 0xff, 0xa3, 0x0,
    0x0, 0x0, 0x61, 0xff, 0xff, 0x5d, 0x0, 0x0,
    0x0, 0x9e, 0xff, 0xff, 0x1b, 0x0, 0x0, 0x0,
    0xc1, 0xff, 0xf7, 0x0, 0x0, 0x0, 0x0, 0xd4,
    0xff, 0xe4, 0x0, 0x0, 0x0, 0x0, 0xe6, 0xff,
    0xd1, 0x0, 0x0, 0x0, 0x0, 0xdf, 0xff, 0xd9,
    0x0, 0x0, 0x0, 0x0, 0xcc, 0xff, 0xec, 0x0,
    0x0, 0x0, 0x0, 0xb6, 0xff, 0xfd, 0x4, 0x0,
    0x0, 0x0, 0x82, 0xff, 0xff, 0x38, 0x0, 0x0,
    0x0, 0x44, 0xff, 0xff, 0x7b, 0x0, 0x0, 0x0,
    0x9, 0xee, 0xff, 0xcd, 0x0, 0x0, 0x0, 0x0,
    0x8a, 0xff, 0xff, 0x48, 0x0, 0x0, 0x0, 0x1e,
    0xf8, 0xff, 0xc7, 0x1, 0x0, 0x0, 0x0, 0x75,
    0xff, 0xff, 0x74, 0x0, 0x0, 0x0, 0x2, 0xc2,
    0xff, 0xf9, 0x2b, 0x0, 0x0, 0x0, 0xa, 0x71,
    0x6f, 0x7,

    /* U+0029 ")" */
    0x8, 0xc4, 0xeb, 0x73, 0x0, 0x0, 0x0, 0x0,
    0x0, 0x8f, 0xff, 0xff, 0x4c, 0x0, 0x0, 0x0,
    0x0, 0x7, 0xd7, 0xff, 0xe7, 0x12, 0x0, 0x0,
    0x0, 0x0, 0x48, 0xff, 0xff, 0x85, 0x0, 0x0,
    0x0, 0x0, 0x0, 0xc9, 0xff, 0xec, 0x9, 0x0,
    0x0, 0x0, 0x0, 0x66, 0xff, 0xff, 0x5b, 0x0,
    0x0, 0x0, 0x0, 0x23, 0xff, 0xff, 0x9c, 0x0,
    0x0, 0x0, 0x0, 0x0, 0xe2, 0xff, 0xda, 0x0,
    0x0, 0x0, 0x0, 0x0, 0xbf, 0xff, 0xfd, 0x2,
    0x0, 0x0, 0x0, 0x0, 0xac, 0xff, 0xff, 0x13,
    0x0, 0x0, 0x0, 0x0, 0x9a, 0xff, 0xff, 0x25,
    0x0, 0x0, 0x0, 0x0, 0xa2, 0xff, 0xff, 0x1d,
    0x0, 0x0, 0x0, 0x0, 0xb4, 0xff, 0xff, 0xa,
    0x0, 0x0, 0x0, 0x0, 0xc9, 0xff, 0xf5, 0x0,
    0x0, 0x0, 0x0, 0x7, 0xf7, 0xff, 0xbf, 0x0,
    0x0, 0x0, 0x0, 0x40, 0xff, 0xff, 0x81, 0x0,
    0x0, 0x0, 0x0, 0x8e, 0xff, 0xff, 0x35, 0x0,
    0x0, 0x0, 0xf, 0xef, 0xff, 0xc5, 0x0, 0x0,
    0x0, 0x0, 0x86, 0xff, 0xff, 0x50, 0x0, 0x0,
    0x0, 0x2e, 0xfa, 0xff, 0xae, 0x0, 0x0, 0x0,
    0x8, 0xd7, 0xff, 0xe6, 0x15, 0x0, 0x0, 0x0,
    0x0, 0x55, 0x7c, 0x1c, 0x0, 0x0, 0x0, 0x0,

    /* U+002A "*" */
    0x0, 0x0, 0x0, 0x1b, 0x0, 0x0, 0x19, 0x2,
    0x0, 0x0, 0x0, 0x0, 0x15, 0x98, 0xfa, 0x28,
    0x0, 0xc2, 0xcd, 0x3d, 0x0, 0x0, 0x0, 0x62,
    0xff, 0xff, 0xa4, 0x3a, 0xff, 0xff, 0xb3, 0x0,
    0x0, 0x0, 0x0, 0xa3, 0xff, 0xfc, 0xcb, 0xff,
    0xe5, 0x14, 0x0, 0x0, 0x62, 0x57, 0x4f, 0xed,
    0xff, 0xff, 0xff, 0x76, 0x4c, 0x62, 0x21, 0xec,
    0xff, 0xff, 0xff, 0xff, 0xff, 0xff, 0xff, 0xff,
    0xff, 0x4c, 0xec, 0xf8, 0xe3, 0xf4, 0xff, 0xff,
    0xff, 0xff, 0xff, 0xff, 0x4c, 0xc, 0x0, 0x33,
    0xf9, 0xff, 0xfb, 0xff, 0x67, 0x0, 0x0, 0x0,
    0x0, 0xd, 0xdb, 0xff, 0xc6, 0x8f, 0xff, 0xfa,
    0x3c, 0x0, 0x0, 0x0, 0x65, 0xff, 0xff, 0x45,
    0x1e, 0xfb, 0xff, 0xba, 0x0, 0x0, 0x0, 0x0,
    0x46, 0xa4, 0x0, 0x0, 0x8b, 0x62, 0x2, 0x0,
    0x0,

    /* U+002B "+" */
    0x0, 0x0, 0x0, 0x0, 0x0, 0x0, 0x55, 0xa1,
    0x1e, 0x0, 0x0, 0x0, 0x0, 0x0, 0x0, 0x0,
    0x0, 0x0, 0x0, 0x3a, 0xff, 0xff, 0x2c, 0x0,
    0x0, 0x0, 0x0, 0x0, 0x0, 0x0, 0x0, 0x0,
    0x0, 0x68, 0xff, 0xff, 0x2c, 0x0, 0x0, 0x0,
    0x0, 0x0, 0x0, 0x0, 0x0, 0x0, 0x0, 0x6c,
    0xff, 0xff, 0x2c, 0x0, 0x0, 0x0, 0x0, 0x0,
    0x0, 0x0, 0x0, 0x0, 0x0, 0x6c, 0xff, 0xff,
    0x2c, 0x0, 0x0, 0x0, 0x0, 0x0, 0x1, 0x43,
    0x5c, 0x5c, 0x5c, 0xa1, 0xff, 0xff, 0x78, 0x5c,
    0x5c, 0x5c, 0x5c, 0x3a, 0x86, 0xff, 0xff, 0xff,
    0xff, 0xff, 0xff, 0xff, 0xff, 0xff, 0xff, 0xff,
    0xff, 0x87, 0xdc, 0xff, 0xff, 0xff, 0xff, 0xff,
    0xff, 0xff, 0xff, 0xff, 0xff, 0xfe, 0xcf, 0x1d,
    0x0, 0x0, 0x0, 0x0, 0x0, 0x6c, 0xff, 0xff,
    0x2c, 0x0, 0x0, 0x0, 0x0, 0x0, 0x0, 0x0,
    0x0, 0x0, 0x0, 0x6c, 0xff, 0xff, 0x2c, 0x0,
    0x0, 0x0, 0x0, 0x0, 0x0, 0x0, 0x0, 0x0,
    0x0, 0x6c, 0xff, 0xff, 0x2c, 0x0, 0x0, 0x0,
    0x0, 0x0, 0x0, 0x0, 0x0, 0x0, 0x0, 0x6c,
    0xff, 0xff, 0x15, 0x0, 0x0, 0x0, 0x0, 0x0,
    0x0, 0x0, 0x0, 0x0, 0x0, 0x69, 0xe3, 0x6e,
    0x0, 0x0, 0x0, 0x0, 0x0, 0x0,

    /* U+002C "," */
    0x2b, 0xb4, 0xb7, 0x2f, 0x0, 0xc7, 0xff, 0xff,
    0xd9, 0x0, 0xdc, 0xff, 0xff, 0xfe, 0x2, 0x5f,
    0xf0, 0xf8, 0xeb, 0x0, 0x0, 0x0, 0xc2, 0xb0,
    0x0, 0x0, 0x21, 0xfc, 0x49, 0x0, 0x5, 0xbc,
    0x9f, 0x0, 0x0, 0x2a, 0x6a, 0x3, 0x0, 0x0,

    /* U+002D "-" */
    0x0, 0x2d, 0x44, 0x44, 0x44, 0x44, 0x44, 0x44,
    0x44, 0x20, 0x7e, 0xff, 0xff, 0xff, 0xff, 0xff,
    0xff, 0xff, 0xff, 0x62, 0xdc, 0xff, 0xff, 0xff,
    0xff, 0xff, 0xff, 0xfc, 0xbe, 0xc,

    /* U+002E "." */
    0x13, 0x7c, 0x5d, 0x0, 0xb8, 0xff, 0xff, 0x60,
    0xdd, 0xff, 0xff, 0x87, 0x5a, 0xee, 0xcf, 0x1c,

    /* U+002F "/" */
    0x0, 0x0, 0x0, 0x0, 0x0, 0x0, 0x0, 0x0,
    0x0, 0x89, 0xf0, 0xbb, 0x0, 0x0, 0x0, 0x0,
    0x0, 0x0, 0x0, 0x0, 0x0, 0x46, 0xff, 0xff,
    0x8e, 0x0, 0x0, 0x0, 0x0, 0x0, 0x0, 0x0,
    0x0, 0x0, 0xc1, 0xff, 0xf8, 0x19, 0x0, 0x0,
    0x0, 0x0, 0x0, 0x0, 0x0, 0x0, 0x3c, 0xff,
    0xff, 0x96, 0x0, 0x0, 0x0, 0x0, 0x0, 0x0,
    0x0, 0x0, 0x0, 0xb7, 0xff, 0xfa, 0x1f, 0x0,
    0x0, 0x0, 0x0, 0x0, 0x0, 0x0, 0x0, 0x32,
    0xff, 0xff, 0x9e, 0x0, 0x0, 0x0, 0x0, 0x0,
    0x0, 0x0, 0x0, 0x0, 0xad, 0xff, 0xfc, 0x25,
    0x0, 0x0, 0x0, 0x0, 0x0, 0x0, 0x0, 0x0,
    0x2a, 0xfe, 0xff, 0xa6, 0x0, 0x0, 0x0, 0x0,
    0x0, 0x0, 0x0, 0x0, 0x0, 0xa4, 0xff, 0xfe,
    0x2c, 0x0, 0x0, 0x0, 0x0, 0x0, 0x0, 0x0,
    0x0, 0x22, 0xfc, 0xff, 0xae, 0x0, 0x0, 0x0,
    0x0, 0x0, 0x0, 0x0, 0x0, 0x0, 0x9a, 0xff,
    0xff, 0x33, 0x0, 0x0, 0x0, 0x0, 0x0, 0x0,
    0x0, 0x0, 0x1b, 0xf9, 0xff, 0xb7, 0x0, 0x0,
    0x0, 0x0, 0x0, 0x0, 0x0, 0x0, 0x0, 0x90,
    0xff, 0xff, 0x3b, 0x0, 0x0, 0x0, 0x0, 0x0,
    0x0, 0x0, 0x0, 0x15, 0xf5, 0xff, 0xbf, 0x0,
    0x0, 0x0, 0x0, 0x0, 0x0, 0x0, 0x0, 0x0,
    0x86, 0xff, 0xff, 0x43, 0x0, 0x0, 0x0, 0x0,
    0x0, 0x0, 0x0, 0x0, 0xf, 0xf1, 0xff, 0xc7,
    0x0, 0x0, 0x0, 0x0, 0x0, 0x0, 0x0, 0x0,
    0x0, 0x7d, 0xff, 0xff, 0x4b, 0x0, 0x0, 0x0,
    0x0, 0x0, 0x0, 0x0, 0x0, 0xb, 0xec, 0xff,
    0xce, 0x0, 0x0, 0x0, 0x0, 0x0, 0x0, 0x0,
    0x0, 0x0, 0x73, 0xff, 0xff, 0x53, 0x0, 0x0,
    0x0, 0x0, 0x0, 0x0, 0x0, 0x0, 0x0, 0x9e,
    0xf2, 0x97, 0x0, 0x0, 0x0, 0x0, 0x0, 0x0,
    0x0, 0x0, 0x0, 0x0,

    /* U+0030 "0" */
    0x0, 0x0, 0x0, 0x1f, 0x81, 0xcc, 0xec, 0xf7,
    0xdf, 0xab, 0x53, 0x1, 0x0, 0x0, 0x0, 0x0,
    0x0, 0x70, 0xf6, 0xff, 0xff, 0xff, 0xff, 0xff,
    0xff, 0xff, 0xc6, 0x1f, 0x0, 0x0, 0x0, 0x71,
    0xff, 0xff, 0xfe, 0xb6, 0x85, 0x76, 0x96, 0xe6,
    0xff, 0xff, 0xdc, 0x15, 0x0, 0x19, 0xf6, 0xff,
    0xe6, 0x33, 0x0, 0x0, 0x0, 0x0, 0x8, 0x91,
    0xff, 0xff, 0x93, 0x0, 0x66, 0xff, 0xff, 0x59,
    0x0, 0x0, 0x0, 0x0, 0x0, 0x0, 0x2, 0xd8,
    0xff, 0xec, 0x0, 0x88, 0xff, 0xff, 0x24, 0x0,
    0x0, 0x0, 0x0, 0x0, 0x0, 0x0, 0xa4, 0xff,
    0xff, 0xf, 0x8c, 0xff, 0xff, 0x20, 0x0, 0x0,
    0x0, 0x0, 0x0, 0x0, 0x0, 0xa0, 0xff, 0xff,
    0x14, 0x8c, 0xff, 0xff, 0x20, 0x0, 0x0, 0x0,
    0x0, 0x0, 0x0, 0x0, 0xa0, 0xff, 0xff, 0x14,
    0x8c, 0xff, 0xff, 0x20, 0x0, 0x0, 0x0, 0x0,
    0x0, 0x0, 0x0, 0xa0, 0xff, 0xff, 0x14, 0x8c,
    0xff, 0xff, 0x20, 0x0, 0x0, 0x0, 0x0, 0x0,
    0x0, 0x0, 0xa0, 0xff, 0xff, 0x14, 0x8c, 0xff,
    0xff, 0x20, 0x0, 0x0, 0x0, 0x0, 0x0, 0x0,
    0x0, 0xa0, 0xff, 0xff, 0x14, 0x8c, 0xff, 0xff,
    0x20, 0x0, 0x0, 0x0, 0x0, 0x0, 0x0, 0x0,
    0xa0, 0xff, 0xff, 0x14, 0x87, 0xff, 0xff, 0x24,
    0x0, 0x0, 0x0, 0x0, 0x0, 0x0, 0x0, 0xa4,
    0xff, 0xff, 0xf, 0x65, 0xff, 0xff, 0x5a, 0x0,
    0x0, 0x0, 0x0, 0x0, 0x0, 0x2, 0xd9, 0xff,
    0xec, 0x0, 0x18, 0xf6, 0xff, 0xe6, 0x33, 0x0,
    0x0, 0x0, 0x0, 0x8, 0x92, 0xff, 0xff, 0x92,
    0x0, 0x0, 0x71, 0xff, 0xff, 0xfe, 0xb9, 0x88,
    0x7a, 0x99, 0xe7, 0xff, 0xff, 0xdc, 0x14, 0x0,
    0x0, 0x0, 0x6f, 0xf6, 0xff, 0xff, 0xff, 0xff,
    0xff, 0xff, 0xff, 0xc5, 0x1f, 0x0, 0x0, 0x0,
    0x0, 0x0, 0x1f, 0x82, 0xcd, 0xed, 0xf8, 0xe0,
    0xab, 0x54, 0x1, 0x0, 0x0, 0x0,

    /* U+0031 "1" */
    0x1c, 0xff, 0xff, 0xff, 0xff, 0xfc, 0x88, 0x0,
    0xc4, 0xff, 0xff, 0xff, 0xff, 0xd7, 0x0, 0xb,
    0x51, 0x60, 0xe4, 0xff, 0xd8, 0x0, 0x0, 0x0,
    0x0, 0xd4, 0xff, 0xd8, 0x0, 0x0, 0x0, 0x0,
    0xd4, 0xff, 0xd8, 0x0, 0x0, 0x0, 0x0, 0xd4,
    0xff, 0xd8, 0x0, 0x0, 0x0, 0x0, 0xd4, 0xff,
    0xd8, 0x0, 0x0, 0x0, 0x0, 0xd4, 0xff, 0xd8,
    0x0, 0x0, 0x0, 0x0, 0xd4, 0xff, 0xd8, 0x0,
    0x0, 0x0, 0x0, 0xd4, 0xff, 0xd8, 0x0, 0x0,
    0x0, 0x0, 0xd4, 0xff, 0xd8, 0x0, 0x0, 0x0,
    0x0, 0xd4, 0xff, 0xd8, 0x0, 0x0, 0x0, 0x0,
    0xd4, 0xff, 0xd8, 0x0, 0x0, 0x0, 0x0, 0xd4,
    0xff, 0xd8, 0x0, 0x0, 0x0, 0x0, 0xd4, 0xff,
    0xd8, 0x0, 0x0, 0x0, 0x0, 0xd4, 0xff, 0xd7,
    0x0, 0x0, 0x0, 0x0, 0xd4, 0xff, 0xb3, 0x0,
    0x0, 0x0, 0x0, 0xc9, 0xbf, 0x25,

    /* U+0032 "2" */
    0x0, 0x0, 0x0, 0x4f, 0xa5, 0xde, 0xf5, 0xf1,
    0xd7, 0x93, 0x2e, 0x0, 0x0, 0x0, 0x0, 0x1c,
    0xc8, 0xff, 0xff, 0xff, 0xff, 0xff, 0xff, 0xff,
    0xfc, 0x7b, 0x0, 0x0, 0xd, 0xde, 0xff, 0xff,
    0xf0, 0x9d, 0x7a, 0x7f, 0xad, 0xfd, 0xff, 0xff,
    0x5d, 0x0, 0x7e, 0xff, 0xff, 0xbf, 0x12, 0x0,
    0x0, 0x0, 0x0, 0x3b, 0xfa, 0xff, 0xdb, 0x1,
    0xba, 0xff, 0xff, 0x27, 0x0, 0x0, 0x0, 0x0,
    0x0, 0x0, 0xa9, 0xff, 0xff, 0x1b, 0xa2, 0xff,
    0xef, 0x0, 0x0, 0x0, 0x0, 0x0, 0x0, 0x0,
    0x88, 0xff, 0xff, 0x30, 0x15, 0xa5, 0xd3, 0x0,
    0x0, 0x0, 0x0, 0x0, 0x0, 0x0, 0xb1, 0xff,
    0xfc, 0x10, 0x0, 0x0, 0x0, 0x0, 0x0, 0x0,
    0x0, 0x0, 0x0, 0x45, 0xfd, 0xff, 0xaa, 0x0,
    0x0, 0x0, 0x0, 0x0, 0x0, 0x0, 0x0, 0x2,
    0x6d, 0xf8, 0xff, 0xe2, 0x18, 0x0, 0x0, 0x0,
    0x0, 0x0, 0x0, 0x0, 0x3f, 0xcc, 0xff, 0xff,
    0xd3, 0x21, 0x0, 0x0, 0x0, 0x0, 0x0, 0x0,
    0x29, 0xb4, 0xff, 0xff, 0xfc, 0x8e, 0xa, 0x0,
    0x0, 0x0, 0x0, 0x0, 0x2, 0x7d, 0xf9, 0xff,
    0xff, 0xb4, 0x2b, 0x0, 0x0, 0x0, 0x0, 0x0,
    0x0, 0x8, 0xb4, 0xff, 0xff, 0xd6, 0x41, 0x0,
    0x0, 0x0, 0x0, 0x0, 0x0, 0x0, 0x0, 0xae,
    0xff, 0xff, 0x9b, 0x7, 0x0, 0x0, 0x0, 0x0,
    0x0, 0x0, 0x0, 0x0, 0x55, 0xff, 0xff, 0x9f,
    0x0, 0x0, 0x0, 0x0, 0x0, 0x0, 0x0, 0x0,
    0x0, 0x0, 0xb9, 0xff, 0xff, 0x7a, 0x60, 0x60,
    0x60, 0x60, 0x60, 0x60, 0x60, 0x55, 0x17, 0x0,
    0xe3, 0xff, 0xff, 0xff, 0xff, 0xff, 0xff, 0xff,
    0xff, 0xff, 0xff, 0xff, 0xed, 0x19, 0xa4, 0xfe,
    0xff, 0xff, 0xff, 0xff, 0xff, 0xff, 0xff, 0xff,
    0xff, 0xff, 0xff, 0x66,

    /* U+0033 "3" */
    0x0, 0x0, 0x8, 0x67, 0xb2, 0xe3, 0xf7, 0xf3,
    0xdb, 0x9d, 0x3c, 0x0, 0x0, 0x0, 0x0, 0x31,
    0xe3, 0xff, 0xff, 0xff, 0xff, 0xff, 0xff, 0xff,
    0xff, 0x98, 0x1, 0x0, 0x10, 0xe8, 0xff, 0xff,
    0xe4, 0x94, 0x77, 0x7c, 0xa3, 0xf7, 0xff, 0xff,
    0x7c, 0x0, 0x5c, 0xff, 0xff, 0xab, 0x4, 0x0,
    0x0, 0x0, 0x0, 0x27, 0xee, 0xff, 0xf0, 0x6,
    0x5b, 0xff, 0xff, 0x2d, 0x0, 0x0, 0x0, 0x0,
    0x0, 0x0, 0xa1, 0xff, 0xff, 0x27, 0x2, 0x80,
    0xd3, 0x1d, 0x0, 0x0, 0x0, 0x0, 0x0, 0x0,
    0xa2, 0xff, 0xff, 0x24, 0x0, 0x0, 0x0, 0x0,
    0x0, 0x0, 0x0, 0x0, 0x0, 0x21, 0xef, 0xff,
    0xdd, 0x3, 0x0, 0x0, 0x0, 0x0, 0x0, 0x15,
    0x55, 0x62, 0x8b, 0xef, 0xff, 0xfa, 0x46, 0x0,
    0x0, 0x0, 0x0, 0x0, 0x0, 0xb5, 0xff, 0xff,
    0xff, 0xff, 0xe7, 0x39, 0x0, 0x0, 0x0, 0x0,
    0x0, 0x0, 0x0, 0x85, 0xfd, 0xff, 0xff, 0xff,
    0xff, 0xba, 0x1f, 0x0, 0x0, 0x0, 0x0, 0x0,
    0x0, 0x0, 0x0, 0x9, 0x26, 0x7e, 0xf7, 0xff,
    0xe3, 0x11, 0x1a, 0x86, 0x6c, 0x0, 0x0, 0x0,
    0x0, 0x0, 0x0, 0x0, 0x68, 0xff, 0xff, 0x78,
    0xbe, 0xff, 0xa6, 0x0, 0x0, 0x0, 0x0, 0x0,
    0x0, 0x0, 0x19, 0xff, 0xff, 0xa6, 0xdf, 0xff,
    0xd7, 0x1, 0x0, 0x0, 0x0, 0x0, 0x0, 0x0,
    0x22, 0xff, 0xff, 0x9b, 0xae, 0xff, 0xff, 0x80,
    0x4, 0x0, 0x0, 0x0, 0x0, 0x6, 0xa9, 0xff,
    0xff, 0x60, 0x30, 0xf9, 0xff, 0xff, 0xdf, 0x96,
    0x7a, 0x77, 0x97, 0xe3, 0xff, 0xff, 0xd5, 0x5,
    0x0, 0x44, 0xe8, 0xff, 0xff, 0xff, 0xff, 0xff,
    0xff, 0xff, 0xff, 0xcb, 0x1a, 0x0, 0x0, 0x0,
    0xb, 0x6c, 0xb7, 0xe4, 0xf8, 0xf2, 0xdc, 0xa5,
    0x54, 0x1, 0x0, 0x0,

    /* U+0034 "4" */
    0x0, 0x0, 0x0, 0x0, 0x0, 0x0, 0x0, 0x0,
    0x0, 0xe, 0xbf, 0xf0, 0x40, 0x0, 0x0, 0x0,
    0x0, 0x0, 0x0, 0x0, 0x0, 0x0, 0x0, 0x0,
    0x2, 0xb3, 0xff, 0xff, 0x7f, 0x0, 0x0, 0x0,
    0x0, 0x0, 0x0, 0x0, 0x0, 0x0, 0x0, 0x0,
    0x88, 0xff, 0xff, 0xff, 0x80, 0x0, 0x0, 0x0,
    0x0, 0x0, 0x0, 0x0, 0x0, 0x0, 0x0, 0x59,
    0xff, 0xff, 0xd4, 0xff, 0x80, 0x0, 0x0, 0x0,
    0x0, 0x0, 0x0, 0x0, 0x0, 0x0, 0x33, 0xf6,
    0xff, 0xac, 0xef, 0xff, 0x80, 0x0, 0x0, 0x0,
    0x0, 0x0, 0x0, 0x0, 0x0, 0x18, 0xe3, 0xff,
    0xcc, 0x1c, 0xff, 0xff, 0x80, 0x0, 0x0, 0x0,
    0x0, 0x0, 0x0, 0x0, 0x6, 0xc6, 0xff, 0xe9,
    0x1d, 0x14, 0xff, 0xff, 0x80, 0x0, 0x0, 0x0,
    0x0, 0x0, 0x0, 0x0, 0x9e, 0xff, 0xfa, 0x3d,
    0x0, 0x14, 0xff, 0xff, 0x80, 0x0, 0x0, 0x0,
    0x0, 0x0, 0x0, 0x70, 0xff, 0xff, 0x6a, 0x0,
    0x0, 0x14, 0xff, 0xff, 0x80, 0x0, 0x0, 0x0,
    0x0, 0x0, 0x44, 0xfc, 0xff, 0x9c, 0x0, 0x0,
    0x0, 0x14, 0xff, 0xff, 0x80, 0x0, 0x0, 0x0,
    0x0, 0x23, 0xee, 0xff, 0xc8, 0x7, 0x0, 0x0,
    0x0, 0x14, 0xff, 0xff, 0x80, 0x0, 0x0, 0x0,
    0x5, 0xd4, 0xff, 0xff, 0xff, 0xff, 0xff, 0xff,
    0xff, 0xff, 0xff, 0xff, 0xff, 0xff, 0xff, 0x59,
    0x1c, 0xfe, 0xff, 0xff, 0xff, 0xff, 0xff, 0xff,
    0xff, 0xff, 0xff, 0xff, 0xff, 0xff, 0xf4, 0x1b,
    0x0, 0x38, 0x58, 0x58, 0x58, 0x58, 0x58, 0x58,
    0x58, 0x7c, 0xff, 0xff, 0xac, 0x53, 0x1d, 0x0,
    0x0, 0x0, 0x0, 0x0, 0x0, 0x0, 0x0, 0x0,
    0x0, 0x38, 0xff, 0xff, 0x80, 0x0, 0x0, 0x0,
    0x0, 0x0, 0x0, 0x0, 0x0, 0x0, 0x0, 0x0,
    0x0, 0x38, 0xff, 0xff, 0x80, 0x0, 0x0, 0x0,
    0x0, 0x0, 0x0, 0x0, 0x0, 0x0, 0x0, 0x0,
    0x0, 0x38, 0xff, 0xff, 0x69, 0x0, 0x0, 0x0,
    0x0, 0x0, 0x0, 0x0, 0x0, 0x0, 0x0, 0x0,
    0x0, 0x37, 0xee, 0xa8, 0xb, 0x0, 0x0, 0x0,

    /* U+0035 "5" */
    0x0, 0x24, 0xe4, 0xff, 0xff, 0xff, 0xff, 0xff,
    0xff, 0xff, 0xff, 0xff, 0x97, 0x0, 0x0, 0x6c,
    0xff, 0xff, 0xff, 0xff, 0xff, 0xff, 0xff, 0xff,
    0xff, 0xfd, 0x48, 0x0, 0x0, 0x92, 0xff, 0xd5,
    0x60, 0x60, 0x60, 0x60, 0x60, 0x60, 0x5d, 0x2e,
    0x0, 0x0, 0x0, 0xb9, 0xff, 0x9b, 0x0, 0x0,
    0x0, 0x0, 0x0, 0x0, 0x0, 0x0, 0x0, 0x0,
    0x0, 0xe0, 0xff, 0x73, 0x0, 0x0, 0x0, 0x0,
    0x0, 0x0, 0x0, 0x0, 0x0, 0x0, 0x9, 0xfe,
    0xff, 0x54, 0x74, 0xc3, 0xef, 0xf8, 0xe0, 0xa3,
    0x35, 0x0, 0x0, 0x0, 0x2e, 0xff, 0xd0, 0xec,
    0xff, 0xff, 0xff, 0xff, 0xff, 0xff, 0xfe, 0x7c,
    0x0, 0x0, 0x53, 0xff, 0xff, 0xff, 0xbb, 0x76,
    0x5d, 0x6a, 0xa7, 0xfa, 0xff, 0xff, 0x5d, 0x0,
    0x24, 0xe6, 0xdc, 0x41, 0x0, 0x0, 0x0, 0x0,
    0x0, 0x39, 0xf5, 0xff, 0xe2, 0x4, 0x0, 0x0,
    0x0, 0x0, 0x0, 0x0, 0x0, 0x0, 0x0, 0x0,
    0x88, 0xff, 0xff, 0x38, 0x0, 0x0, 0x0, 0x0,
    0x0, 0x0, 0x0, 0x0, 0x0, 0x0, 0x42, 0xff,
    0xff, 0x61, 0x1d, 0x83, 0x58, 0x0, 0x0, 0x0,
    0x0, 0x0, 0x0, 0x0, 0x31, 0xff, 0xff, 0x6d,
    0xc1, 0xff, 0x8e, 0x0, 0x0, 0x0, 0x0, 0x0,
    0x0, 0x0, 0x4a, 0xff, 0xff, 0x55, 0xdf, 0xff,
    0xc2, 0x0, 0x0, 0x0, 0x0, 0x0, 0x0, 0x0,
    0x9a, 0xff, 0xff, 0x27, 0xae, 0xff, 0xff, 0x6e,
    0x1, 0x0, 0x0, 0x0, 0x0, 0x55, 0xfd, 0xff,
    0xc6, 0x0, 0x2f, 0xf8, 0xff, 0xff, 0xd4, 0x8c,
    0x6f, 0x7a, 0xbb, 0xff, 0xff, 0xf8, 0x33, 0x0,
    0x0, 0x42, 0xe7, 0xff, 0xff, 0xff, 0xff, 0xff,
    0xff, 0xff, 0xec, 0x4c, 0x0, 0x0, 0x0, 0x0,
    0xb, 0x6e, 0xbb, 0xe6, 0xf9, 0xea, 0xca, 0x7a,
    0x17, 0x0, 0x0, 0x0,

    /* U+0036 "6" */
    0x0, 0x0, 0x0, 0x0, 0x0, 0x0, 0x0, 0x72,
    0xee, 0xcb, 0x25, 0x0, 0x0, 0x0, 0x0, 0x0,
    0x0, 0x0, 0x0, 0x0, 0x0, 0x6e, 0xff, 0xff,
    0xc6, 0xa, 0x0, 0x0, 0x0, 0x0, 0x0, 0x0,
    0x0, 0x0, 0x0, 0x5a, 0xfe, 0xff, 0xd3, 0x11,
    0x0, 0x0, 0x0, 0x0, 0x0, 0x0, 0x0, 0x0,
    0x0, 0x47, 0xfa, 0xff, 0xdf, 0x1a, 0x0, 0x0,
    0x0, 0x0, 0x0, 0x0, 0x0, 0x0, 0x0, 0x37,
    0xf4, 0xff, 0xde, 0x24, 0x0, 0x0, 0x0, 0x0,
    0x0, 0x0, 0x0, 0x0, 0x0, 0x29, 0xec, 0xff,
    0xde, 0xcd, 0xf5, 0xe9, 0xbd, 0x5b, 0x2, 0x0,
    0x0, 0x0, 0x0, 0x16, 0xe2, 0xff, 0xff, 0xff,
    0xfa, 0xf8, 0xff, 0xff, 0xff, 0xbc, 0x13, 0x0,
    0x0, 0x0, 0xb6, 0xff, 0xff, 0xbb, 0x38, 0x2,
    0x1, 0x2f, 0xad, 0xff, 0xff, 0xbd, 0x2, 0x0,
    0x42, 0xff, 0xff, 0xae, 0x2, 0x0, 0x0, 0x0,
    0x0, 0x0, 0x95, 0xff, 0xff, 0x5e, 0x0, 0xa1,
    0xff, 0xfb, 0x19, 0x0, 0x0, 0x0, 0x0, 0x0,
    0x0, 0x9, 0xef, 0xff, 0xc2, 0x0, 0xd7, 0xff,
    0xcb, 0x0, 0x0, 0x0, 0x0, 0x0, 0x0, 0x0,
    0x0, 0xb0, 0xff, 0xef, 0x0, 0xe3, 0xff, 0xbd,
    0x0, 0x0, 0x0, 0x0, 0x0, 0x0, 0x0, 0x0,
    0xa1, 0xff, 0xfc, 0x2, 0xc8, 0xff, 0xe3, 0x1,
    0x0, 0x0, 0x0, 0x0, 0x0, 0x0, 0x0, 0xc8,
    0xff, 0xe1, 0x0, 0x8d, 0xff, 0xff, 0x4f, 0x0,
    0x0, 0x0, 0x0, 0x0, 0x0, 0x34, 0xff, 0xff,
    0xa4, 0x0, 0x27, 0xfd, 0xff, 0xeb, 0x36, 0x0,
    0x0, 0x0, 0x0, 0x29, 0xde, 0xff, 0xff, 0x39,
    0x0, 0x0, 0x79, 0xff, 0xff, 0xfb, 0xaf, 0x77,
    0x75, 0xa7, 0xf8, 0xff, 0xff, 0x89, 0x0, 0x0,
    0x0, 0x1, 0x7a, 0xfb, 0xff, 0xff, 0xff, 0xff,
    0xff, 0xff, 0xfc, 0x81, 0x2, 0x0, 0x0, 0x0,
    0x0, 0x0, 0x2a, 0x8d, 0xd3, 0xf1, 0xf2, 0xd5,
    0x91, 0x2b, 0x0, 0x0, 0x0, 0x0,

    /* U+0037 "7" */
    0x1d, 0xff, 0xff, 0xff, 0xff, 0xff, 0xff, 0xff,
    0xff, 0xff, 0xff, 0xff, 0xff, 0xdd, 0x18, 0x0,
    0xc7, 0xff, 0xff, 0xff, 0xff, 0xff, 0xff, 0xff,
    0xff, 0xff, 0xff, 0xff, 0xff, 0x2d, 0x0, 0xc,
    0x51, 0x60, 0x60, 0x60, 0x60, 0x60, 0x60, 0x60,
    0x7e, 0xff, 0xff, 0xc0, 0x0, 0x0, 0x0, 0x0,
    0x0, 0x0, 0x0, 0x0, 0x0, 0x0, 0x0, 0x97,
    0xff, 0xff, 0x42, 0x0, 0x0, 0x0, 0x0, 0x0,
    0x0, 0x0, 0x0, 0x0, 0x0, 0x1c, 0xf9, 0xff,
    0xc4, 0x0, 0x0, 0x0, 0x0, 0x0, 0x0, 0x0,
    0x0, 0x0, 0x0, 0x0, 0x95, 0xff, 0xff, 0x45,
    0x0, 0x0, 0x0, 0x0, 0x0, 0x0, 0x0, 0x0,
    0x0, 0x0, 0x1b, 0xf8, 0xff, 0xc7, 0x0, 0x0,
    0x0, 0x0, 0x0, 0x0, 0x0, 0x0, 0x0, 0x0,
    0x0, 0x93, 0xff, 0xff, 0x48, 0x0, 0x0, 0x0,
    0x0, 0x0, 0x0, 0x0, 0x0, 0x0, 0x0, 0x19,
    0xf7, 0xff, 0xca, 0x0, 0x0, 0x0, 0x0, 0x0,
    0x0, 0x0, 0x0, 0x0, 0x0, 0x0, 0x90, 0xff,
    0xff, 0x4b, 0x0, 0x0, 0x0, 0x0, 0x0, 0x0,
    0x0, 0x0, 0x0, 0x0, 0x18, 0xf6, 0xff, 0xcd,
    0x0, 0x0, 0x0, 0x0, 0x0, 0x0, 0x0, 0x0,
    0x0, 0x0, 0x0, 0x8e, 0xff, 0xff, 0x4f, 0x0,
    0x0, 0x0, 0x0, 0x0, 0x0, 0x0, 0x0, 0x0,
    0x0, 0x17, 0xf6, 0xff, 0xcf, 0x1, 0x0, 0x0,
    0x0, 0x0, 0x0, 0x0, 0x0, 0x0, 0x0, 0x0,
    0x8c, 0xff, 0xff, 0x52, 0x0, 0x0, 0x0, 0x0,
    0x0, 0x0, 0x0, 0x0, 0x0, 0x0, 0x15, 0xf5,
    0xff, 0xd2, 0x1, 0x0, 0x0, 0x0, 0x0, 0x0,
    0x0, 0x0, 0x0, 0x0, 0x0, 0x8a, 0xff, 0xff,
    0x55, 0x0, 0x0, 0x0, 0x0, 0x0, 0x0, 0x0,
    0x0, 0x0, 0x0, 0x14, 0xf4, 0xff, 0xd4, 0x1,
    0x0, 0x0, 0x0, 0x0, 0x0, 0x0, 0x0, 0x0,
    0x0, 0x0, 0x47, 0xeb, 0xe1, 0x36, 0x0, 0x0,
    0x0, 0x0, 0x0, 0x0, 0x0, 0x0,

    /* U+0038 "8" */
    0x0, 0x0, 0x0, 0x50, 0xa7, 0xdf, 0xf5, 0xf4,
    0xde, 0xa6, 0x4f, 0x0, 0x0, 0x0, 0x0, 0x10,
    0xc0, 0xff, 0xff, 0xff, 0xff, 0xff, 0xff, 0xff,
    0xff, 0xbd, 0xd, 0x0, 0x0, 0xb6, 0xff, 0xff,
    0xd2, 0x7a, 0x5b, 0x5d, 0x7b, 0xd4, 0xff, 0xff,
    0xae, 0x0, 0x27, 0xff, 0xff, 0xb6, 0x3, 0x0,
    0x0, 0x0, 0x0, 0x5, 0xbd, 0xff, 0xff, 0x20,
    0x4a, 0xff, 0xff, 0x5c, 0x0, 0x0, 0x0, 0x0,
    0x0, 0x0, 0x68, 0xff, 0xff, 0x41, 0x27, 0xff,
    0xff, 0x90, 0x0, 0x0, 0x0, 0x0, 0x0, 0x0,
    0x9c, 0xff, 0xfe, 0x1e, 0x0, 0xa5, 0xff, 0xff,
    0x91, 0x2e, 0xc, 0xd, 0x32, 0x98, 0xff, 0xff,
    0x99, 0x0, 0x0, 0x5, 0x8b, 0xfa, 0xff, 0xff,
    0xff, 0xff, 0xff, 0xff, 0xf8, 0x83, 0x3, 0x0,
    0x0, 0xf, 0x93, 0xfa, 0xff, 0xff, 0xff, 0xff,
    0xff, 0xff, 0xf8, 0x8d, 0xc, 0x0, 0xc, 0xcb,
    0xff, 0xfb, 0x9f, 0x40, 0x1f, 0x21, 0x42, 0xa3,
    0xfc, 0xff, 0xc5, 0xa, 0x7b, 0xff, 0xff, 0x55,
    0x0, 0x0, 0x0, 0x0, 0x0, 0x0, 0x5f, 0xff,
    0xff, 0x74, 0xca, 0xff, 0xd6, 0x0, 0x0, 0x0,
    0x0, 0x0, 0x0, 0x0, 0x0, 0xe2, 0xff, 0xc5,
    0xe3, 0xff, 0xb9, 0x0, 0x0, 0x0, 0x0, 0x0,
    0x0, 0x0, 0x0, 0xc6, 0xff, 0xe0, 0xca, 0xff,
    0xe1, 0x1, 0x0, 0x0, 0x0, 0x0, 0x0, 0x0,
    0x4, 0xeb, 0xff, 0xcb, 0x82, 0xff, 0xff, 0x7b,
    0x1, 0x0, 0x0, 0x0, 0x0, 0x0, 0x87, 0xff,
    0xff, 0x84, 0x14, 0xe3, 0xff, 0xff, 0xd3, 0x7f,
    0x61, 0x5a, 0x7a, 0xcb, 0xff, 0xff, 0xe6, 0x12,
    0x0, 0x27, 0xd3, 0xff, 0xff, 0xff, 0xff, 0xff,
    0xff, 0xff, 0xff, 0xd6, 0x28, 0x0, 0x0, 0x0,
    0x4, 0x5e, 0xaf, 0xdf, 0xf5, 0xf8, 0xe4, 0xb3,
    0x61, 0x7, 0x0, 0x0,

    /* U+0039 "9" */
    0x0, 0x0, 0x0, 0x2c, 0x8f, 0xd4, 0xf0, 0xf3,
    0xd7, 0x98, 0x36, 0x0, 0x0, 0x0, 0x0, 0x0,
    0x2, 0x81, 0xfc, 0xff, 0xff, 0xff, 0xff, 0xff,
    0xff, 0xff, 0x94, 0x7, 0x0, 0x0, 0x0, 0x81,
    0xff, 0xff, 0xf8, 0xa1, 0x6c, 0x6d, 0x9f, 0xf5,
    0xff, 0xff, 0x9d, 0x0, 0x0, 0x2a, 0xfd, 0xff,
    0xe0, 0x27, 0x0, 0x0, 0x0, 0x0, 0x23, 0xda,
    0xff, 0xff, 0x46, 0x0, 0x91, 0xff, 0xff, 0x39,
    0x0, 0x0, 0x0, 0x0, 0x0, 0x0, 0x31, 0xff,
    0xff, 0xad, 0x0, 0xc9, 0xff, 0xd3, 0x0, 0x0,
    0x0, 0x0, 0x0, 0x0, 0x0, 0x0, 0xcc, 0xff,
    0xe4, 0x0, 0xe3, 0xff, 0xb1, 0x0, 0x0, 0x0,
    0x0, 0x0, 0x0, 0x0, 0x0, 0xa8, 0xff, 0xfd,
    0x2, 0xd4, 0xff, 0xc0, 0x0, 0x0, 0x0, 0x0,
    0x0, 0x0, 0x0, 0x0, 0xb6, 0xff, 0xf0, 0x0,
    0xab, 0xff, 0xf6, 0x11, 0x0, 0x0, 0x0, 0x0,
    0x0, 0x0, 0xd, 0xf1, 0xff, 0xb5, 0x0, 0x4d,
    0xff, 0xff, 0xa0, 0x1, 0x0, 0x0, 0x0, 0x0,
    0x0, 0x99, 0xff, 0xff, 0x54, 0x0, 0x1, 0xb3,
    0xff, 0xff, 0xb7, 0x3e, 0xa, 0x9, 0x39, 0xb1,
    0xff, 0xff, 0xc6, 0x1, 0x0, 0x0, 0xf, 0xaf,
    0xff, 0xff, 0xff, 0xff, 0xff, 0xff, 0xff, 0xff,
    0xea, 0x1e, 0x0, 0x0, 0x0, 0x0, 0x0, 0x47,
    0xa4, 0xd1, 0xe5, 0xcc, 0xcf, 0xff, 0xf3, 0x35,
    0x0, 0x0, 0x0, 0x0, 0x0, 0x0, 0x0, 0x0,
    0x0, 0x15, 0xd3, 0xff, 0xfa, 0x46, 0x0, 0x0,
    0x0, 0x0, 0x0, 0x0, 0x0, 0x0, 0x0, 0x10,
    0xcf, 0xff, 0xfe, 0x5a, 0x0, 0x0, 0x0, 0x0,
    0x0, 0x0, 0x0, 0x0, 0x0, 0xb, 0xc5, 0xff,
    0xff, 0x70, 0x0, 0x0, 0x0, 0x0, 0x0, 0x0,
    0x0, 0x0, 0x0, 0x7, 0xba, 0xff, 0xff, 0x88,
    0x0, 0x0, 0x0, 0x0, 0x0, 0x0, 0x0, 0x0,
    0x0, 0x0, 0x1a, 0xc0, 0xf1, 0x88, 0x0, 0x0,
    0x0, 0x0, 0x0, 0x0, 0x0, 0x0,

    /* U+003A ":" */
    0x44, 0xe3, 0xe2, 0x44, 0xd3, 0xff, 0xff, 0xdd,
    0xcf, 0xff, 0xff, 0xd9, 0x39, 0xcd, 0xcd, 0x3c,
    0x0, 0x0, 0x0, 0x0, 0x0, 0x0, 0x0, 0x0,
    0x0, 0x0, 0x0, 0x0, 0x0, 0x0, 0x0, 0x0,
    0x0, 0x0, 0x0, 0x0, 0x3a, 0xd3, 0xd2, 0x3a,
    0xcf, 0xff, 0xff, 0xd8, 0xd5, 0xff, 0xff, 0xdf,
    0x48, 0xe5, 0xe4, 0x49,

    /* U+003B ";" */
    0x44, 0xe3, 0xe2, 0x44, 0x0, 0xd3, 0xff, 0xff,
    0xdd, 0x0, 0xcf, 0xff, 0xff, 0xd9, 0x0, 0x39,
    0xcd, 0xcd, 0x3c, 0x0, 0x0, 0x0, 0x0, 0x0,
    0x0, 0x0, 0x0, 0x0, 0x0, 0x0, 0x0, 0x0,
    0x0, 0x0, 0x0, 0x0, 0x0, 0x0, 0x0, 0x0,
    0x0, 0x0, 0x0, 0x0, 0x0, 0x2b, 0xb4, 0xb7,
    0x2f, 0x0, 0xc7, 0xff, 0xff, 0xd9, 0x0, 0xdc,
    0xff, 0xff, 0xfe, 0x2, 0x5f, 0xf0, 0xfa, 0xec,
    0x0, 0x0, 0x0, 0xc2, 0xb3, 0x0, 0x0, 0x21,
    0xfc, 0x4e, 0x0, 0x4, 0xbb, 0xa4, 0x0, 0x0,
    0x27, 0x64, 0x5, 0x0, 0x0,

    /* U+003C "<" */
    0x0, 0x0, 0x0, 0x0, 0x0, 0x0, 0x0, 0x0,
    0x0, 0x0, 0x0, 0x0, 0x4, 0x5c, 0x15, 0x0,
    0x0, 0x0, 0x0, 0x0, 0x0, 0x0, 0x0, 0x0,
    0x0, 0xb, 0x6e, 0xe1, 0xff, 0x64, 0x0, 0x0,
    0x0, 0x0, 0x0, 0x0, 0x0, 0x0, 0x14, 0x80,
    0xec, 0xff, 0xff, 0xfd, 0x3a, 0x0, 0x0, 0x0,
    0x0, 0x0, 0x0, 0x20, 0x92, 0xf5, 0xff, 0xff,
    0xfe, 0xb8, 0x3c, 0x0, 0x0, 0x0, 0x0, 0x0,
    0x2e, 0xa4, 0xfb, 0xff, 0xff, 0xf6, 0x99, 0x29,
    0x0, 0x0, 0x0, 0x0, 0x0, 0x3f, 0xb6, 0xff,
    0xff, 0xff, 0xe6, 0x7b, 0x13, 0x0, 0x0, 0x0,
    0x0, 0x0, 0x3f, 0xc8, 0xff, 0xff, 0xff, 0xcd,
    0x5c, 0x5, 0x0, 0x0, 0x0, 0x0, 0x0, 0x0,
    0x0, 0xda, 0xff, 0xff, 0xfd, 0x6c, 0x0, 0x0,
    0x0, 0x0, 0x0, 0x0, 0x0, 0x0, 0x0, 0x0,
    0x4e, 0xda, 0xff, 0xff, 0xff, 0xbb, 0x4a, 0x1,
    0x0, 0x0, 0x0, 0x0, 0x0, 0x0, 0x0, 0x0,
    0x2, 0x55, 0xcc, 0xff, 0xff, 0xff, 0xd6, 0x66,
    0x9, 0x0, 0x0, 0x0, 0x0, 0x0, 0x0, 0x0,
    0x0, 0x0, 0x43, 0xbb, 0xff, 0xff, 0xff, 0xeb,
    0x83, 0x18, 0x0, 0x0, 0x0, 0x0, 0x0, 0x0,
    0x0, 0x0, 0x0, 0x32, 0xa9, 0xfc, 0xff, 0xff,
    0xf9, 0xa0, 0x2c, 0x0, 0x0, 0x0, 0x0, 0x0,
    0x0, 0x0, 0x0, 0x0, 0x23, 0x98, 0xf7, 0xff,
    0xff, 0xfb, 0x28, 0x0, 0x0, 0x0, 0x0, 0x0,
    0x0, 0x0, 0x0, 0x0, 0x0, 0x17, 0x86, 0xef,
    0xff, 0x5c, 0x0, 0x0, 0x0, 0x0, 0x0, 0x0,
    0x0, 0x0, 0x0, 0x0, 0x0, 0x0, 0xd, 0x75,
    0x1d,

    /* U+003D "=" */
    0x0, 0x38, 0x50, 0x50, 0x50, 0x50, 0x50, 0x50,
    0x50, 0x50, 0x50, 0x50, 0x50, 0x30, 0x86, 0xff,
    0xff, 0xff, 0xff, 0xff, 0xff, 0xff, 0xff, 0xff,
    0xff, 0xff, 0xff, 0x81, 0xdc, 0xff, 0xff, 0xff,
    0xff, 0xff, 0xff, 0xff, 0xff, 0xff, 0xff, 0xfe,
    0xcd, 0x1a, 0x0, 0x0, 0x0, 0x0, 0x0, 0x0,
    0x0, 0x0, 0x0, 0x0, 0x0, 0x0, 0x0, 0x0,
    0x0, 0x0, 0x0, 0x0, 0x0, 0x0, 0x0, 0x0,
    0x0, 0x0, 0x0, 0x0, 0x0, 0x0, 0x1, 0x40,
    0x58, 0x58, 0x58, 0x58, 0x58, 0x58, 0x58, 0x58,
    0x58, 0x58, 0x58, 0x35, 0x89, 0xff, 0xff, 0xff,
    0xff, 0xff, 0xff, 0xff, 0xff, 0xff, 0xff, 0xff,
    0xff, 0x7f, 0xdc, 0xff, 0xff, 0xff, 0xff, 0xff,
    0xff, 0xff, 0xff, 0xff, 0xff, 0xfe, 0xcc, 0x19,

    /* U+003E ">" */
    0x50, 0x26, 0x0, 0x0, 0x0, 0x0, 0x0, 0x0,
    0x0, 0x0, 0x0, 0x0, 0x0, 0x0, 0x0, 0xdd,
    0xfd, 0xad, 0x36, 0x0, 0x0, 0x0, 0x0, 0x0,
    0x0, 0x0, 0x0, 0x0, 0x0, 0x0, 0xaf, 0xff,
    0xff, 0xff, 0xbf, 0x48, 0x0, 0x0, 0x0, 0x0,
    0x0, 0x0, 0x0, 0x0, 0x0, 0x9, 0x7b, 0xe6,
    0xff, 0xff, 0xff, 0xd1, 0x5a, 0x4, 0x0, 0x0,
    0x0, 0x0, 0x0, 0x0, 0x0, 0x0, 0x6, 0x5e,
    0xce, 0xff, 0xff, 0xff, 0xdf, 0x6c, 0xa, 0x0,
    0x0, 0x0, 0x0, 0x0, 0x0, 0x0, 0x0, 0x0,
    0x40, 0xb1, 0xfd, 0xff, 0xff, 0xeb, 0x7e, 0x13,
    0x0, 0x0, 0x0, 0x0, 0x0, 0x0, 0x0, 0x0,
    0x0, 0x24, 0x93, 0xf3, 0xff, 0xff, 0xf4, 0x8f,
    0xb, 0x0, 0x0, 0x0, 0x0, 0x0, 0x0, 0x0,
    0x0, 0x0, 0x18, 0xcc, 0xff, 0xff, 0xff, 0x61,
    0x0, 0x0, 0x0, 0x0, 0x0, 0x0, 0x0, 0x17,
    0x81, 0xea, 0xff, 0xff, 0xfc, 0xa4, 0x12, 0x0,
    0x0, 0x0, 0x0, 0x0, 0x2d, 0x9d, 0xf8, 0xff,
    0xff, 0xf6, 0x94, 0x20, 0x0, 0x0, 0x0, 0x0,
    0x1, 0x49, 0xba, 0xff, 0xff, 0xff, 0xed, 0x83,
    0x15, 0x0, 0x0, 0x0, 0x0, 0x6, 0x65, 0xd6,
    0xff, 0xff, 0xff, 0xe2, 0x71, 0xc, 0x0, 0x0,
    0x0, 0x0, 0x0, 0x0, 0x9c, 0xff, 0xff, 0xff,
    0xd5, 0x60, 0x5, 0x0, 0x0, 0x0, 0x0, 0x0,
    0x0, 0x0, 0x0, 0xd4, 0xff, 0xc5, 0x4e, 0x1,
    0x0, 0x0, 0x0, 0x0, 0x0, 0x0, 0x0, 0x0,
    0x0, 0x0, 0x63, 0x3d, 0x0, 0x0, 0x0, 0x0,
    0x0, 0x0, 0x0, 0x0, 0x0, 0x0, 0x0, 0x0,
    0x0,

    /* U+003F "?" */
    0x0, 0x0, 0x24, 0x90, 0xd7, 0xf4, 0xf5, 0xd6,
    0x8f, 0x1f, 0x0, 0x0, 0x0, 0x6a, 0xf9, 0xff,
    0xff, 0xff, 0xff, 0xff, 0xff, 0xf4, 0x4d, 0x0,
    0x4b, 0xff, 0xff, 0xfe, 0xa5, 0x69, 0x69, 0x9e,
    0xfa, 0xff, 0xf4, 0x1c, 0xc1, 0xff, 0xff, 0x59,
    0x0, 0x0, 0x0, 0x0, 0x6d, 0xff, 0xff, 0x72,
    0xde, 0xff, 0xd9, 0x0, 0x0, 0x0, 0x0, 0x0,
    0x21, 0xff, 0xff, 0x90, 0x6b, 0xf9, 0xbb, 0x0,
    0x0, 0x0, 0x0, 0x0, 0x3f, 0xff, 0xff, 0x70,
    0x0, 0xe, 0x20, 0x0, 0x0, 0x0, 0x0, 0x18,
    0xd3, 0xff, 0xe1, 0x11, 0x0, 0x0, 0x0, 0x0,
    0x0, 0x0, 0x41, 0xe6, 0xff, 0xe7, 0x30, 0x0,
    0x0, 0x0, 0x0, 0x0, 0x0, 0x69, 0xfc, 0xff,
    0xb8, 0x17, 0x0, 0x0, 0x0, 0x0, 0x0, 0x0,
    0x36, 0xfe, 0xff, 0x94, 0x1, 0x0, 0x0, 0x0,
    0x0, 0x0, 0x0, 0x0, 0x7f, 0xff, 0xff, 0x13,
    0x0, 0x0, 0x0, 0x0, 0x0, 0x0, 0x0, 0x0,
    0x8c, 0xff, 0xe7, 0x1, 0x0, 0x0, 0x0, 0x0,
    0x0, 0x0, 0x0, 0x0, 0x58, 0x89, 0x28, 0x0,
    0x0, 0x0, 0x0, 0x0, 0x0, 0x0, 0x0, 0x0,
    0x0, 0x0, 0x0, 0x0, 0x0, 0x0, 0x0, 0x0,
    0x0, 0x0, 0x0, 0x0, 0x5a, 0xbb, 0x94, 0xd,
    0x0, 0x0, 0x0, 0x0, 0x0, 0x0, 0x0, 0x1e,
    0xfc, 0xff, 0xff, 0x86, 0x0, 0x0, 0x0, 0x0,
    0x0, 0x0, 0x0, 0x2b, 0xff, 0xff, 0xff, 0x97,
    0x0, 0x0, 0x0, 0x0, 0x0, 0x0, 0x0, 0x0,
    0x8f, 0xf3, 0xcd, 0x21, 0x0, 0x0, 0x0, 0x0,

    /* U+0040 "@" */
    0x0, 0x0, 0x0, 0x0, 0x0, 0x43, 0x98, 0xcf,
    0xf0, 0xfb, 0xea, 0xd3, 0xa5, 0x57, 0xc, 0x0,
    0x0, 0x0, 0x0, 0x0, 0x0, 0x0, 0x23, 0xc7,
    0xff, 0xff, 0xff, 0xff, 0xff, 0xff, 0xff, 0xff,
    0xff, 0xe8, 0x5e, 0x0, 0x0, 0x0, 0x0, 0x0,
    0x4c, 0xf2, 0xff, 0xec, 0x85, 0x40, 0x1c, 0xc,
    0x16, 0x35, 0x70, 0xd1, 0xff, 0xff, 0x8f, 0x0,
    0x0, 0x0, 0x27, 0xf2, 0xff, 0xae, 0xd, 0x0,
    0x48, 0xa2, 0xc2, 0x94, 0x13, 0x3a, 0x62, 0x89,
    0xfe, 0xff, 0x6d, 0x0, 0x1, 0xce, 0xff, 0xbe,
    0x3, 0x3, 0xa2, 0xff, 0xff, 0xff, 0xff, 0xcb,
    0xda, 0xfb, 0xf, 0x87, 0xff, 0xf2, 0xe, 0x48,
    0xff, 0xfe, 0x29, 0x0, 0x89, 0xff, 0xe1, 0x43,
    0xc, 0x8a, 0xff, 0xff, 0xc1, 0x0, 0x10, 0xfb,
    0xff, 0x5d, 0x99, 0xff, 0xc5, 0x0, 0x22, 0xfa,
    0xfc, 0x2e, 0x0, 0x0, 0x22, 0xff, 0xff, 0x76,
    0x0, 0x0, 0xce, 0xff, 0x90, 0xcc, 0xff, 0x8b,
    0x0, 0x7c, 0xff, 0xa6, 0x0, 0x0, 0x0, 0x28,
    0xff, 0xff, 0x2c, 0x0, 0x0, 0xba, 0xff, 0xa2,
    0xe4, 0xff, 0x72, 0x0, 0xbf, 0xff, 0x58, 0x0,
    0x0, 0x0, 0x56, 0xff, 0xe2, 0x0, 0x0, 0x0,
    0xc8, 0xff, 0x8e, 0xe6, 0xff, 0x6f, 0x0, 0xda,
    0xff, 0x34, 0x0, 0x0, 0x0, 0xa6, 0xff, 0x98,
    0x0, 0x0, 0xa, 0xf6, 0xff, 0x64, 0xd3, 0xff,
    0x84, 0x0, 0xd8, 0xff, 0x35, 0x0, 0x0, 0x2c,
    0xfa, 0xff, 0x4e, 0x0, 0x0, 0x78, 0xff, 0xf6,
    0xf, 0xa5, 0xff, 0xbc, 0x0, 0xad, 0xff, 0x9e,
    0xe, 0x37, 0xdc, 0xff, 0xff, 0x45, 0x15, 0x79,
    0xfc, 0xff, 0x6d, 0x0, 0x5b, 0xff, 0xfb, 0x20,
    0x37, 0xfd, 0xff, 0xff, 0xff, 0xfb, 0x85, 0xff,
    0xff, 0xff, 0xff, 0xfe, 0x81, 0x0, 0x0, 0x7,
    0xe5, 0xff, 0xb3, 0x2, 0x46, 0xb6, 0xcc, 0xa5,
    0x35, 0x0, 0x60, 0xc4, 0xc1, 0x94, 0x2f, 0x0,
    0x0, 0x0, 0x0, 0x51, 0xff, 0xff, 0xa8, 0xd,
    0x0, 0x0, 0x0, 0x0, 0x0, 0x0, 0x0, 0x0,
    0x4c, 0xaf, 0x4e, 0x0, 0x0, 0x0, 0x0, 0x73,
    0xfe, 0xff, 0xed, 0x8d, 0x4c, 0x27, 0x18, 0x1f,
    0x37, 0x6a, 0xc2, 0xff, 0xff, 0x95, 0x0, 0x0,
    0x0, 0x0, 0x0, 0x49, 0xde, 0xff, 0xff, 0xff,
    0xff, 0xff, 0xff, 0xff, 0xff, 0xff, 0xee, 0x71,
    0x0, 0x0, 0x0, 0x0, 0x0, 0x0, 0x0, 0x4,
    0x52, 0x9f, 0xd3, 0xf2, 0xfc, 0xf0, 0xdb, 0xab,
    0x68, 0xe, 0x0, 0x0, 0x0, 0x0,

    /* U+0041 "A" */
    0x0, 0x0, 0x0, 0x0, 0x0, 0x0, 0x72, 0xed,
    0x7e, 0x0, 0x0, 0x0, 0x0, 0x0, 0x0, 0x0,
    0x0, 0x0, 0x0, 0x0, 0x12, 0xf6, 0xff, 0xfa,
    0x19, 0x0, 0x0, 0x0, 0x0, 0x0, 0x0, 0x0,
    0x0, 0x0, 0x0, 0x74, 0xfe, 0xfc, 0xff, 0x7f,
    0x0, 0x0, 0x0, 0x0, 0x0, 0x0, 0x0, 0x0,
    0x0, 0x1, 0xdd, 0xfd, 0xbf, 0xff, 0xe5, 0x4,
    0x0, 0x0, 0x0, 0x0, 0x0, 0x0, 0x0, 0x0,
    0x4a, 0xff, 0xff, 0x84, 0xff, 0xff, 0x55, 0x0,
    0x0, 0x0, 0x0, 0x0, 0x0, 0x0, 0x0, 0xb5,
    0xff, 0xe4, 0x4, 0xd5, 0xff, 0xc0, 0x0, 0x0,
    0x0, 0x0, 0x0, 0x0, 0x0, 0x21, 0xfd, 0xff,
    0x81, 0x0, 0x70, 0xff, 0xff, 0x2b, 0x0, 0x0,
    0x0, 0x0, 0x0, 0x0, 0x8a, 0xff, 0xfd, 0x1d,
    0x0, 0x12, 0xf8, 0xff, 0x95, 0x0, 0x0, 0x0,
    0x0, 0x0, 0x8, 0xec, 0xff, 0xb3, 0x0, 0x0,
    0x0, 0xa5, 0xff, 0xf3, 0xd, 0x0, 0x0, 0x0,
    0x0, 0x60, 0xff, 0xff, 0x4c, 0x0, 0x0, 0x0,
    0x40, 0xff, 0xff, 0x6b, 0x0, 0x0, 0x0, 0x0,
    0xcb, 0xff, 0xf8, 0x5f, 0x5c, 0x5c, 0x5c, 0x5c,
    0xf2, 0xff, 0xd5, 0x0, 0x0, 0x0, 0x36, 0xff,
    0xff, 0xff, 0xff, 0xff, 0xff, 0xff, 0xff, 0xff,
    0xff, 0xff, 0x41, 0x0, 0x0, 0xa1, 0xff, 0xff,
    0xff, 0xff, 0xff, 0xff, 0xff, 0xff, 0xff, 0xff,
    0xff, 0xac, 0x0, 0x13, 0xf7, 0xff, 0xd6, 0x0,
    0x0, 0x0, 0x0, 0x0, 0x0, 0x0, 0xc4, 0xff,
    0xfb, 0x1b, 0x77, 0xff, 0xff, 0x6d, 0x0, 0x0,
    0x0, 0x0, 0x0, 0x0, 0x0, 0x5b, 0xff, 0xff,
    0x82, 0xc8, 0xff, 0xf4, 0xf, 0x0, 0x0, 0x0,
    0x0, 0x0, 0x0, 0x0, 0x7, 0xeb, 0xff, 0xd3,
    0xdc, 0xff, 0x9a, 0x0, 0x0, 0x0, 0x0, 0x0,
    0x0, 0x0, 0x0, 0x0, 0x89, 0xff, 0xe8, 0x63,
    0xfc, 0x30, 0x0, 0x0, 0x0, 0x0, 0x0, 0x0,
    0x0, 0x0, 0x0, 0x22, 0xfc, 0x6e, 0x0, 0x10,
    0x0, 0x0, 0x0, 0x0, 0x0, 0x0, 0x0, 0x0,
    0x0, 0x0, 0x0, 0x10, 0x0,

    /* U+0042 "B" */
    0x19, 0xd9, 0xff, 0xff, 0xff, 0xff, 0xff, 0xff,
    0xff, 0xf2, 0xc4, 0x57, 0x0, 0x0, 0x0, 0x56,
    0xff, 0xff, 0xff, 0xff, 0xff, 0xff, 0xff, 0xff,
    0xff, 0xff, 0xff, 0x89, 0x0, 0x0, 0x58, 0xff,
    0xff, 0x8c, 0x5c, 0x5c, 0x5c, 0x5c, 0x5c, 0x7e,
    0xee, 0xff, 0xff, 0x3e, 0x0, 0x58, 0xff, 0xff,
    0x4c, 0x0, 0x0, 0x0, 0x0, 0x0, 0x0, 0x3d,
    0xff, 0xff, 0x9e, 0x0, 0x58, 0xff, 0xff, 0x4c,
    0x0, 0x0, 0x0, 0x0, 0x0, 0x0, 0x0, 0xea,
    0xff, 0xc8, 0x0, 0x58, 0xff, 0xff, 0x4c, 0x0,
    0x0, 0x0, 0x0, 0x0, 0x0, 0x0, 0xe3, 0xff,
    0xc5, 0x0, 0x58, 0xff, 0xff, 0x4c, 0x0, 0x0,
    0x0, 0x0, 0x0, 0x0, 0x28, 0xfe, 0xff, 0x8d,
    0x0, 0x58, 0xff, 0xff, 0x4c, 0x0, 0x0, 0x0,
    0x0, 0x0, 0x2c, 0xcf, 0xff, 0xf1, 0x1f, 0x0,
    0x58, 0xff, 0xff, 0xff, 0xff, 0xff, 0xff, 0xff,
    0xff, 0xff, 0xff, 0xeb, 0x41, 0x0, 0x0, 0x58,
    0xff, 0xff, 0xff, 0xff, 0xff, 0xff, 0xff, 0xff,
    0xff, 0xff, 0xf8, 0x93, 0x9, 0x0, 0x58, 0xff,
    0xff, 0x87, 0x54, 0x54, 0x54, 0x54, 0x54, 0x5d,
    0x9a, 0xfd, 0xff, 0xb6, 0x0, 0x58, 0xff, 0xff,
    0x4c, 0x0, 0x0, 0x0, 0x0, 0x0, 0x0, 0x0,
    0x7e, 0xff, 0xff, 0x43, 0x58, 0xff, 0xff, 0x4c,
    0x0, 0x0, 0x0, 0x0, 0x0, 0x0, 0x0, 0x2a,
    0xff, 0xff, 0x7b, 0x58, 0xff, 0xff, 0x4c, 0x0,
    0x0, 0x0, 0x0, 0x0, 0x0, 0x0, 0x2d, 0xff,
    0xff, 0x7a, 0x58, 0xff, 0xff, 0x4c, 0x0, 0x0,
    0x0, 0x0, 0x0, 0x0, 0x0, 0x85, 0xff, 0xff,
    0x4e, 0x58, 0xff, 0xff, 0x89, 0x58, 0x58, 0x58,
    0x58, 0x58, 0x61, 0xa0, 0xfe, 0xff, 0xe1, 0x5,
    0x55, 0xff, 0xff, 0xff, 0xff, 0xff, 0xff, 0xff,
    0xff, 0xff, 0xff, 0xff, 0xf0, 0x39, 0x0, 0x17,
    0xd8, 0xff, 0xff, 0xff, 0xff, 0xff, 0xff, 0xff,
    0xfc, 0xe1, 0x99, 0x20, 0x0, 0x0,

    /* U+0043 "C" */
    0x0, 0x0, 0x0, 0x11, 0x6c, 0xbe, 0xe3, 0xf9,
    0xec, 0xd4, 0x95, 0x41, 0x0, 0x0, 0x0, 0x0,
    0x0, 0x0, 0x4d, 0xe8, 0xff, 0xff, 0xff, 0xff,
    0xff, 0xff, 0xff, 0xff, 0xbe, 0x19, 0x0, 0x0,
    0x0, 0x47, 0xfb, 0xff, 0xff, 0xd0, 0x84, 0x6a,
    0x77, 0xad, 0xf7, 0xff, 0xff, 0xdb, 0x10, 0x0,
    0x7, 0xe8, 0xff, 0xfd, 0x66, 0x0, 0x0, 0x0,
    0x0, 0x0, 0x1f, 0xce, 0xff, 0xff, 0x86, 0x0,
    0x5c, 0xff, 0xff, 0x89, 0x0, 0x0, 0x0, 0x0,
    0x0, 0x0, 0x0, 0x1c, 0xf7, 0xff, 0xcd, 0x0,
    0x8c, 0xff, 0xff, 0x27, 0x0, 0x0, 0x0, 0x0,
    0x0, 0x0, 0x0, 0x0, 0xc3, 0xff, 0xdc, 0x0,
    0xa6, 0xff, 0xff, 0x9, 0x0, 0x0, 0x0, 0x0,
    0x0, 0x0, 0x0, 0x0, 0xae, 0xe2, 0x54, 0x0,
    0xa8, 0xff, 0xff, 0x8, 0x0, 0x0, 0x0, 0x0,
    0x0, 0x0, 0x0, 0x0, 0x0, 0x0, 0x0, 0x0,
    0xa8, 0xff, 0xff, 0x8, 0x0, 0x0, 0x0, 0x0,
    0x0, 0x0, 0x0, 0x0, 0x0, 0x0, 0x0, 0x0,
    0xa8, 0xff, 0xff, 0x8, 0x0, 0x0, 0x0, 0x0,
    0x0, 0x0, 0x0, 0x0, 0x0, 0x0, 0x0, 0x0,
    0xa8, 0xff, 0xff, 0x8, 0x0, 0x0, 0x0, 0x0,
    0x0, 0x0, 0x0, 0x0, 0x0, 0x0, 0x0, 0x0,
    0xa5, 0xff, 0xff, 0xa, 0x0, 0x0, 0x0, 0x0,
    0x0, 0x0, 0x0, 0x0, 0x8d, 0xe1, 0x5e, 0x0,
    0x8a, 0xff, 0xff, 0x2a, 0x0, 0x0, 0x0, 0x0,
    0x0, 0x0, 0x0, 0x0, 0x9f, 0xff, 0xf5, 0x2,
    0x58, 0xff, 0xff, 0x91, 0x0, 0x0, 0x0, 0x0,
    0x0, 0x0, 0x0, 0x9, 0xe4, 0xff, 0xf1, 0x0,
    0x6, 0xe5, 0xff, 0xfe, 0x70, 0x1, 0x0, 0x0,
    0x0, 0x0, 0x19, 0xb4, 0xff, 0xff, 0xaf, 0x0,
    0x0, 0x41, 0xf9, 0xff, 0xff, 0xd7, 0x8a, 0x6f,
    0x81, 0xa8, 0xf8, 0xff, 0xff, 0xf0, 0x28, 0x0,
    0x0, 0x0, 0x45, 0xe2, 0xff, 0xff, 0xff, 0xff,
    0xff, 0xff, 0xff, 0xff, 0xd5, 0x2f, 0x0, 0x0,
    0x0, 0x0, 0x0, 0xd, 0x66, 0xba, 0xe2, 0xf9,
    0xf0, 0xd9, 0xa2, 0x55, 0x2, 0x0, 0x0, 0x0,

    /* U+0044 "D" */
    0x1b, 0xdc, 0xff, 0xff, 0xff, 0xff, 0xff, 0xff,
    0xec, 0xd0, 0x89, 0x2a, 0x0, 0x0, 0x0, 0x0,
    0x56, 0xff, 0xff, 0xff, 0xff, 0xff, 0xff, 0xff,
    0xff, 0xff, 0xff, 0xfc, 0x86, 0x4, 0x0, 0x0,
    0x58, 0xff, 0xff, 0x97, 0x60, 0x60, 0x60, 0x61,
    0x72, 0xa6, 0xf6, 0xff, 0xff, 0x95, 0x0, 0x0,
    0x58, 0xff, 0xff, 0x58, 0x0, 0x0, 0x0, 0x0,
    0x0, 0x0, 0x1e, 0xcf, 0xff, 0xff, 0x45, 0x0,
    0x58, 0xff, 0xff, 0x58, 0x0, 0x0, 0x0, 0x0,
    0x0, 0x0, 0x0, 0x20, 0xf9, 0xff, 0xb3, 0x0,
    0x58, 0xff, 0xff, 0x58, 0x0, 0x0, 0x0, 0x0,
    0x0, 0x0, 0x0, 0x0, 0xbb, 0xff, 0xee, 0x0,
    0x58, 0xff, 0xff, 0x58, 0x0, 0x0, 0x0, 0x0,
    0x0, 0x0, 0x0, 0x0, 0x9c, 0xff, 0xff, 0xc,
    0x58, 0xff, 0xff, 0x58, 0x0, 0x0, 0x0, 0x0,
    0x0, 0x0, 0x0, 0x0, 0x98, 0xff, 0xff, 0x14,
    0x58, 0xff, 0xff, 0x58, 0x0, 0x0, 0x0, 0x0,
    0x0, 0x0, 0x0, 0x0, 0x98, 0xff, 0xff, 0x14,
    0x58, 0xff, 0xff, 0x58, 0x0, 0x0, 0x0, 0x0,
    0x0, 0x0, 0x0, 0x0, 0x98, 0xff, 0xff, 0x14,
    0x58, 0xff, 0xff, 0x58, 0x0, 0x0, 0x0, 0x0,
    0x0, 0x0, 0x0, 0x0, 0x98, 0xff, 0xff, 0x14,
    0x58, 0xff, 0xff, 0x58, 0x0, 0x0, 0x0, 0x0,
    0x0, 0x0, 0x0, 0x0, 0x9d, 0xff, 0xff, 0xb,
    0x58, 0xff, 0xff, 0x58, 0x0, 0x0, 0x0, 0x0,
    0x0, 0x0, 0x0, 0x0, 0xbd, 0xff, 0xec, 0x0,
    0x58, 0xff, 0xff, 0x58, 0x0, 0x0, 0x0, 0x0,
    0x0, 0x0, 0x0, 0x21, 0xf9, 0xff, 0xae, 0x0,
    0x58, 0xff, 0xff, 0x58, 0x0, 0x0, 0x0, 0x0,
    0x0, 0x0, 0x1d, 0xcf, 0xff, 0xff, 0x3e, 0x0,
    0x58, 0xff, 0xff, 0x97, 0x60, 0x60, 0x60, 0x61,
    0x71, 0xa6, 0xf6, 0xff, 0xff, 0x8b, 0x0, 0x0,
    0x55, 0xff, 0xff, 0xff, 0xff, 0xff, 0xff, 0xff,
    0xff, 0xff, 0xff, 0xfb, 0x81, 0x2, 0x0, 0x0,
    0x1a, 0xdb, 0xff, 0xff, 0xff, 0xff, 0xff, 0xff,
    0xed, 0xd0, 0x89, 0x29, 0x0, 0x0, 0x0, 0x0,

    /* U+0045 "E" */
    0x19, 0xd9, 0xff, 0xff, 0xff, 0xff, 0xff, 0xff,
    0xff, 0xff, 0xff, 0xff, 0xff, 0x11, 0x56, 0xff,
    0xff, 0xff, 0xff, 0xff, 0xff, 0xff, 0xff, 0xff,
    0xff, 0xff, 0xc9, 0x0, 0x58, 0xff, 0xff, 0x97,
    0x60, 0x60, 0x60, 0x60, 0x60, 0x60, 0x60, 0x53,
    0xe, 0x0, 0x58, 0xff, 0xff, 0x58, 0x0, 0x0,
    0x0, 0x0, 0x0, 0x0, 0x0, 0x0, 0x0, 0x0,
    0x58, 0xff, 0xff, 0x58, 0x0, 0x0, 0x0, 0x0,
    0x0, 0x0, 0x0, 0x0, 0x0, 0x0, 0x58, 0xff,
    0xff, 0x58, 0x0, 0x0, 0x0, 0x0, 0x0, 0x0,
    0x0, 0x0, 0x0, 0x0, 0x58, 0xff, 0xff, 0x58,
    0x0, 0x0, 0x0, 0x0, 0x0, 0x0, 0x0, 0x0,
    0x0, 0x0, 0x58, 0xff, 0xff, 0x97, 0x60, 0x60,
    0x60, 0x60, 0x60, 0x60, 0x12, 0x0, 0x0, 0x0,
    0x58, 0xff, 0xff, 0xff, 0xff, 0xff, 0xff, 0xff,
    0xff, 0xff, 0x1b, 0x0, 0x0, 0x0, 0x58, 0xff,
    0xff, 0xff, 0xff, 0xff, 0xff, 0xff, 0xf6, 0x93,
    0x0, 0x0, 0x0, 0x0, 0x58, 0xff, 0xff, 0x58,
    0x0, 0x0, 0x0, 0x0, 0x0, 0x0, 0x0, 0x0,
    0x0, 0x0, 0x58, 0xff, 0xff, 0x58, 0x0, 0x0,
    0x0, 0x0, 0x0, 0x0, 0x0, 0x0, 0x0, 0x0,
    0x58, 0xff, 0xff, 0x58, 0x0, 0x0, 0x0, 0x0,
    0x0, 0x0, 0x0, 0x0, 0x0, 0x0, 0x58, 0xff,
    0xff, 0x58, 0x0, 0x0, 0x0, 0x0, 0x0, 0x0,
    0x0, 0x0, 0x0, 0x0, 0x58, 0xff, 0xff, 0x58,
    0x0, 0x0, 0x0, 0x0, 0x0, 0x0, 0x0, 0x0,
    0x0, 0x0, 0x58, 0xff, 0xff, 0x97, 0x60, 0x60,
    0x60, 0x60, 0x60, 0x60, 0x60, 0x5e, 0x32, 0x0,
    0x55, 0xff, 0xff, 0xff, 0xff, 0xff, 0xff, 0xff,
    0xff, 0xff, 0xff, 0xff, 0xfe, 0x48, 0x1a, 0xdb,
    0xff, 0xff, 0xff, 0xff, 0xff, 0xff, 0xff, 0xff,
    0xff, 0xff, 0xff, 0x91,

    /* U+0046 "F" */
    0x19, 0xd9, 0xff, 0xff, 0xff, 0xff, 0xff, 0xff,
    0xff, 0xff, 0xff, 0xff, 0xff, 0x29, 0x56, 0xff,
    0xff, 0xff, 0xff, 0xff, 0xff, 0xff, 0xff, 0xff,
    0xff, 0xff, 0xdf, 0x5, 0x58, 0xff, 0xff, 0x97,
    0x60, 0x60, 0x60, 0x60, 0x60, 0x60, 0x60, 0x57,
    0x15, 0x0, 0x58, 0xff, 0xff, 0x58, 0x0, 0x0,
    0x0, 0x0, 0x0, 0x0, 0x0, 0x0, 0x0, 0x0,
    0x58, 0xff, 0xff, 0x58, 0x0, 0x0, 0x0, 0x0,
    0x0, 0x0, 0x0, 0x0, 0x0, 0x0, 0x58, 0xff,
    0xff, 0x58, 0x0, 0x0, 0x0, 0x0, 0x0, 0x0,
    0x0, 0x0, 0x0, 0x0, 0x58, 0xff, 0xff, 0x58,
    0x0, 0x0, 0x0, 0x0, 0x0, 0x0, 0x0, 0x0,
    0x0, 0x0, 0x58, 0xff, 0xff, 0x97, 0x60, 0x60,
    0x60, 0x60, 0x60, 0x60, 0x12, 0x0, 0x0, 0x0,
    0x58, 0xff, 0xff, 0xff, 0xff, 0xff, 0xff, 0xff,
    0xff, 0xff, 0x1b, 0x0, 0x0, 0x0, 0x58, 0xff,
    0xff, 0xff, 0xff, 0xff, 0xff, 0xff, 0xf6, 0x93,
    0x0, 0x0, 0x0, 0x0, 0x58, 0xff, 0xff, 0x58,
    0x0, 0x0, 0x0, 0x0, 0x0, 0x0, 0x0, 0x0,
    0x0, 0x0, 0x58, 0xff, 0xff, 0x58, 0x0, 0x0,
    0x0, 0x0, 0x0, 0x0, 0x0, 0x0, 0x0, 0x0,
    0x58, 0xff, 0xff, 0x58, 0x0, 0x0, 0x0, 0x0,
    0x0, 0x0, 0x0, 0x0, 0x0, 0x0, 0x58, 0xff,
    0xff, 0x58, 0x0, 0x0, 0x0, 0x0, 0x0, 0x0,
    0x0, 0x0, 0x0, 0x0, 0x58, 0xff, 0xff, 0x58,
    0x0, 0x0, 0x0, 0x0, 0x0, 0x0, 0x0, 0x0,
    0x0, 0x0, 0x58, 0xff, 0xff, 0x57, 0x0, 0x0,
    0x0, 0x0, 0x0, 0x0, 0x0, 0x0, 0x0, 0x0,
    0x58, 0xff, 0xff, 0x3c, 0x0, 0x0, 0x0, 0x0,
    0x0, 0x0, 0x0, 0x0, 0x0, 0x0, 0x56, 0xe8,
    0x8b, 0x0, 0x0, 0x0, 0x0, 0x0, 0x0, 0x0,
    0x0, 0x0, 0x0, 0x0,

    /* U+0047 "G" */
    0x0, 0x0, 0x0, 0x11, 0x6c, 0xbe, 0xe3, 0xf9,
    0xec, 0xd4, 0x95, 0x41, 0x0, 0x0, 0x0, 0x0,
    0x0, 0x0, 0x4d, 0xe8, 0xff, 0xff, 0xff, 0xff,
    0xff, 0xff, 0xff, 0xff, 0xbe, 0x19, 0x0, 0x0,
    0x0, 0x47, 0xfb, 0xff, 0xff, 0xc8, 0x7e, 0x65,
    0x73, 0xa9, 0xf6, 0xff, 0xff, 0xdb, 0x10, 0x0,
    0x7, 0xe8, 0xff, 0xfb, 0x5e, 0x0, 0x0, 0x0,
    0x0, 0x0, 0x1c, 0xcc, 0xff, 0xff, 0x86, 0x0,
    0x5c, 0xff, 0xff, 0x81, 0x0, 0x0, 0x0, 0x0,
    0x0, 0x0, 0x0, 0x1b, 0xf6, 0xff, 0xcd, 0x0,
    0x8c, 0xff, 0xff, 0x23, 0x0, 0x0, 0x0, 0x0,
    0x0, 0x0, 0x0, 0x0, 0xc3, 0xff, 0xdb, 0x0,
    0xa6, 0xff, 0xff, 0x9, 0x0, 0x0, 0x0, 0x0,
    0x0, 0x0, 0x0, 0x0, 0xae, 0xe0, 0x51, 0x0,
    0xa8, 0xff, 0xff, 0x8, 0x0, 0x0, 0x0, 0x0,
    0x0, 0x0, 0x0, 0x0, 0x0, 0x0, 0x0, 0x0,
    0xa8, 0xff, 0xff, 0x8, 0x0, 0x0, 0x0, 0x13,
    0x40, 0x40, 0x40, 0x40, 0x40, 0x3e, 0x12, 0x0,
    0xa8, 0xff, 0xff, 0x8, 0x0, 0x0, 0x0, 0x32,
    0xff, 0xff, 0xff, 0xff, 0xff, 0xff, 0xe1, 0x1,
    0xa8, 0xff, 0xff, 0x8, 0x0, 0x0, 0x0, 0x0,
    0x95, 0xf8, 0xff, 0xff, 0xff, 0xff, 0xff, 0xc,
    0xa5, 0xff, 0xff, 0xa, 0x0, 0x0, 0x0, 0x0,
    0x0, 0x0, 0x0, 0x0, 0xa0, 0xff, 0xff, 0xc,
    0x8a, 0xff, 0xff, 0x2a, 0x0, 0x0, 0x0, 0x0,
    0x0, 0x0, 0x0, 0x0, 0xab, 0xff, 0xfb, 0x3,
    0x57, 0xff, 0xff, 0x8f, 0x0, 0x0, 0x0, 0x0,
    0x0, 0x0, 0x0, 0xc, 0xea, 0xff, 0xd8, 0x0,
    0x5, 0xe3, 0xff, 0xfe, 0x6a, 0x0, 0x0, 0x0,
    0x0, 0x0, 0x18, 0xb7, 0xff, 0xff, 0x75, 0x0,
    0x0, 0x3e, 0xf8, 0xff, 0xff, 0xd1, 0x84, 0x67,
    0x78, 0xa1, 0xf6, 0xff, 0xff, 0xc8, 0xa, 0x0,
    0x0, 0x0, 0x42, 0xe0, 0xff, 0xff, 0xff, 0xff,
    0xff, 0xff, 0xff, 0xff, 0xaf, 0x12, 0x0, 0x0,
    0x0, 0x0, 0x0, 0xb, 0x64, 0xb7, 0xe0, 0xf8,
    0xef, 0xd5, 0x96, 0x3e, 0x0, 0x0, 0x0, 0x0,

    /* U+0048 "H" */
    0x0, 0x7a, 0xe4, 0x56, 0x0, 0x0, 0x0, 0x0,
    0x0, 0x0, 0x0, 0x0, 0x6d, 0xe0, 0x69, 0x36,
    0xff, 0xff, 0x58, 0x0, 0x0, 0x0, 0x0, 0x0,
    0x0, 0x0, 0x21, 0xff, 0xff, 0x6c, 0x57, 0xff,
    0xff, 0x58, 0x0, 0x0, 0x0, 0x0, 0x0, 0x0,
    0x0, 0x3f, 0xff, 0xff, 0x6c, 0x58, 0xff, 0xff,
    0x58, 0x0, 0x0, 0x0, 0x0, 0x0, 0x0, 0x0,
    0x40, 0xff, 0xff, 0x6c, 0x58, 0xff, 0xff, 0x58,
    0x0, 0x0, 0x0, 0x0, 0x0, 0x0, 0x0, 0x40,
    0xff, 0xff, 0x6c, 0x58, 0xff, 0xff, 0x58, 0x0,
    0x0, 0x0, 0x0, 0x0, 0x0, 0x0, 0x40, 0xff,
    0xff, 0x6c, 0x58, 0xff, 0xff, 0x58, 0x0, 0x0,
    0x0, 0x0, 0x0, 0x0, 0x0, 0x40, 0xff, 0xff,
    0x6c, 0x58, 0xff, 0xff, 0x9c, 0x68, 0x68, 0x68,
    0x68, 0x68, 0x68, 0x68, 0x8e, 0xff, 0xff, 0x6c,
    0x58, 0xff, 0xff, 0xff, 0xff, 0xff, 0xff, 0xff,
    0xff, 0xff, 0xff, 0xff, 0xff, 0xff, 0x6c, 0x58,
    0xff, 0xff, 0xff, 0xff, 0xff, 0xff, 0xff, 0xff,
    0xff, 0xff, 0xff, 0xff, 0xff, 0x6c, 0x58, 0xff,
    0xff, 0x58, 0x0, 0x0, 0x0, 0x0, 0x0, 0x0,
    0x0, 0x40, 0xff, 0xff, 0x6c, 0x58, 0xff, 0xff,
    0x58, 0x0, 0x0, 0x0, 0x0, 0x0, 0x0, 0x0,
    0x40, 0xff, 0xff, 0x6c, 0x58, 0xff, 0xff, 0x58,
    0x0, 0x0, 0x0, 0x0, 0x0, 0x0, 0x0, 0x40,
    0xff, 0xff, 0x6c, 0x58, 0xff, 0xff, 0x58, 0x0,
    0x0, 0x0, 0x0, 0x0, 0x0, 0x0, 0x40, 0xff,
    0xff, 0x6c, 0x58, 0xff, 0xff, 0x58, 0x0, 0x0,
    0x0, 0x0, 0x0, 0x0, 0x0, 0x40, 0xff, 0xff,
    0x6c, 0x58, 0xff, 0xff, 0x57, 0x0, 0x0, 0x0,
    0x0, 0x0, 0x0, 0x0, 0x40, 0xff, 0xff, 0x6b,
    0x58, 0xff, 0xff, 0x33, 0x0, 0x0, 0x0, 0x0,
    0x0, 0x0, 0x0, 0x40, 0xff, 0xff, 0x49, 0x56,
    0xe3, 0x75, 0x0, 0x0, 0x0, 0x0, 0x0, 0x0,
    0x0, 0x0, 0x3f, 0xe8, 0x89, 0x1,

    /* U+0049 "I" */
    0x28, 0xc0, 0xcd, 0xb6, 0xff, 0xd8, 0xd7, 0xff,
    0xd8, 0xd8, 0xff, 0xd8, 0xd8, 0xff, 0xd8, 0xd8,
    0xff, 0xd8, 0xd8, 0xff, 0xd8, 0xd8, 0xff, 0xd8,
    0xd8, 0xff, 0xd8, 0xd8, 0xff, 0xd8, 0xd8, 0xff,
    0xd8, 0xd8, 0xff, 0xd8, 0xd8, 0xff, 0xd8, 0xd8,
    0xff, 0xd8, 0xd8, 0xff, 0xd8, 0xd8, 0xff, 0xd7,
    0xd8, 0xff, 0xb4, 0xcd, 0xc0, 0x25,

    /* U+004A "J" */
    0x0, 0x0, 0x0, 0x0, 0x0, 0x92, 0xff, 0xff,
    0xff, 0xff, 0xff, 0xfc, 0x89, 0x0, 0x0, 0x0,
    0x0, 0x0, 0x45, 0xfe, 0xff, 0xff, 0xff, 0xff,
    0xff, 0xde, 0x0, 0x0, 0x0, 0x0, 0x0, 0x0,
    0x33, 0x65, 0x68, 0x68, 0xe1, 0xff, 0xe0, 0x0,
    0x0, 0x0, 0x0, 0x0, 0x0, 0x0, 0x0, 0x0,
    0x0, 0xcc, 0xff, 0xe0, 0x0, 0x0, 0x0, 0x0,
    0x0, 0x0, 0x0, 0x0, 0x0, 0x0, 0xcc, 0xff,
    0xe0, 0x0, 0x0, 0x0, 0x0, 0x0, 0x0, 0x0,
    0x0, 0x0, 0x0, 0xcc, 0xff, 0xe0, 0x0, 0x0,
    0x0, 0x0, 0x0, 0x0, 0x0, 0x0, 0x0, 0x0,
    0xcc, 0xff, 0xe0, 0x0, 0x0, 0x0, 0x0, 0x0,
    0x0, 0x0, 0x0, 0x0, 0x0, 0xcc, 0xff, 0xe0,
    0x0, 0x0, 0x0, 0x0, 0x0, 0x0, 0x0, 0x0,
    0x0, 0x0, 0xcc, 0xff, 0xe0, 0x0, 0x0, 0x0,
    0x0, 0x0, 0x0, 0x0, 0x0, 0x0, 0x0, 0xcc,
    0xff, 0xe0, 0x0, 0x16, 0x23, 0x0, 0x0, 0x0,
    0x0, 0x0, 0x0, 0x0, 0xcc, 0xff, 0xe0, 0x90,
    0xfe, 0xa6, 0x0, 0x0, 0x0, 0x0, 0x0, 0x0,
    0x0, 0xce, 0xff, 0xdd, 0xf4, 0xff, 0xbb, 0x0,
    0x0, 0x0, 0x0, 0x0, 0x0, 0x0, 0xee, 0xff,
    0xc4, 0xdb, 0xff, 0xec, 0xc, 0x0, 0x0, 0x0,
    0x0, 0x0, 0x32, 0xff, 0xff, 0x97, 0x8c, 0xff,
    0xff, 0x9f, 0x6, 0x0, 0x0, 0x0, 0xd, 0xca,
    0xff, 0xff, 0x35, 0x17, 0xe4, 0xff, 0xff, 0xda,
    0x93, 0x76, 0x91, 0xe7, 0xff, 0xff, 0x96, 0x0,
    0x0, 0x2b, 0xd7, 0xff, 0xff, 0xff, 0xff, 0xff,
    0xff, 0xff, 0x9b, 0x6, 0x0, 0x0, 0x0, 0x7,
    0x68, 0xbf, 0xe8, 0xf8, 0xdf, 0xa8, 0x40, 0x0,
    0x0, 0x0,

    /* U+004B "K" */
    0x0, 0x74, 0xe2, 0x56, 0x0, 0x0, 0x0, 0x0,
    0x0, 0x0, 0x0, 0x54, 0xa8, 0x2, 0x0, 0x33,
    0xff, 0xff, 0x58, 0x0, 0x0, 0x0, 0x0, 0x0,
    0x0, 0x5f, 0xfc, 0xff, 0x40, 0x0, 0x57, 0xff,
    0xff, 0x58, 0x0, 0x0, 0x0, 0x0, 0x0, 0x6b,
    0xfe, 0xff, 0xd9, 0xd, 0x0, 0x58, 0xff, 0xff,
    0x58, 0x0, 0x0, 0x0, 0x0, 0x79, 0xff, 0xff,
    0xd9, 0x1c, 0x0, 0x0, 0x58, 0xff, 0xff, 0x58,
    0x0, 0x0, 0x0, 0x85, 0xff, 0xff, 0xd1, 0x16,
    0x0, 0x0, 0x0, 0x58, 0xff, 0xff, 0x58, 0x0,
    0x1, 0x92, 0xff, 0xff, 0xc9, 0x11, 0x0, 0x0,
    0x0, 0x0, 0x58, 0xff, 0xff, 0x58, 0x3, 0x9e,
    0xff, 0xff, 0xc1, 0xd, 0x0, 0x0, 0x0, 0x0,
    0x0, 0x58, 0xff, 0xff, 0x5d, 0xa9, 0xff, 0xff,
    0xb8, 0x9, 0x0, 0x0, 0x0, 0x0, 0x0, 0x0,
    0x58, 0xff, 0xff, 0xe8, 0xff, 0xff, 0xfe, 0x2d,
    0x0, 0x0, 0x0, 0x0, 0x0, 0x0, 0x0, 0x58,
    0xff, 0xff, 0xff, 0xff, 0xff, 0xff, 0xd8, 0xf,
    0x0, 0x0, 0x0, 0x0, 0x0, 0x0, 0x58, 0xff,
    0xff, 0xff, 0x7f, 0x8f, 0xff, 0xff, 0xb7, 0x3,
    0x0, 0x0, 0x0, 0x0, 0x0, 0x58, 0xff, 0xff,
    0x85, 0x0, 0x3, 0xb9, 0xff, 0xff, 0x8d, 0x0,
    0x0, 0x0, 0x0, 0x0, 0x58, 0xff, 0xff, 0x58,
    0x0, 0x0, 0x10, 0xd9, 0xff, 0xff, 0x5f, 0x0,
    0x0, 0x0, 0x0, 0x58, 0xff, 0xff, 0x58, 0x0,
    0x0, 0x0, 0x27, 0xf0, 0xff, 0xf8, 0x38, 0x0,
    0x0, 0x0, 0x58, 0xff, 0xff, 0x58, 0x0, 0x0,
    0x0, 0x0, 0x48, 0xfc, 0xff, 0xe7, 0x1c, 0x0,
    0x0, 0x58, 0xff, 0xff, 0x57, 0x0, 0x0, 0x0,
    0x0, 0x0, 0x72, 0xff, 0xff, 0xcc, 0x9, 0x0,
    0x58, 0xff, 0xff, 0x3c, 0x0, 0x0, 0x0, 0x0,
    0x0, 0x0, 0x9f, 0xff, 0xff, 0xa7, 0x0, 0x56,
    0xe8, 0x8b, 0x0, 0x0, 0x0, 0x0, 0x0, 0x0,
    0x0, 0x7, 0x9d, 0xf1, 0xbe, 0xf,

    /* U+004C "L" */
    0x0, 0x7f, 0xe5, 0x56, 0x0, 0x0, 0x0, 0x0,
    0x0, 0x0, 0x0, 0x0, 0x0, 0x36, 0xff, 0xff,
    0x58, 0x0, 0x0, 0x0, 0x0, 0x0, 0x0, 0x0,
    0x0, 0x0, 0x57, 0xff, 0xff, 0x58, 0x0, 0x0,
    0x0, 0x0, 0x0, 0x0, 0x0, 0x0, 0x0, 0x58,
    0xff, 0xff, 0x58, 0x0, 0x0, 0x0, 0x0, 0x0,
    0x0, 0x0, 0x0, 0x0, 0x58, 0xff, 0xff, 0x58,
    0x0, 0x0, 0x0, 0x0, 0x0, 0x0, 0x0, 0x0,
    0x0, 0x58, 0xff, 0xff, 0x58, 0x0, 0x0, 0x0,
    0x0, 0x0, 0x0, 0x0, 0x0, 0x0, 0x58, 0xff,
    0xff, 0x58, 0x0, 0x0, 0x0, 0x0, 0x0, 0x0,
    0x0, 0x0, 0x0, 0x58, 0xff, 0xff, 0x58, 0x0,
    0x0, 0x0, 0x0, 0x0, 0x0, 0x0, 0x0, 0x0,
    0x58, 0xff, 0xff, 0x58, 0x0, 0x0, 0x0, 0x0,
    0x0, 0x0, 0x0, 0x0, 0x0, 0x58, 0xff, 0xff,
    0x58, 0x0, 0x0, 0x0, 0x0, 0x0, 0x0, 0x0,
    0x0, 0x0, 0x58, 0xff, 0xff, 0x58, 0x0, 0x0,
    0x0, 0x0, 0x0, 0x0, 0x0, 0x0, 0x0, 0x58,
    0xff, 0xff, 0x58, 0x0, 0x0, 0x0, 0x0, 0x0,
    0x0, 0x0, 0x0, 0x0, 0x58, 0xff, 0xff, 0x58,
    0x0, 0x0, 0x0, 0x0, 0x0, 0x0, 0x0, 0x0,
    0x0, 0x58, 0xff, 0xff, 0x58, 0x0, 0x0, 0x0,
    0x0, 0x0, 0x0, 0x0, 0x0, 0x0, 0x58, 0xff,
    0xff, 0x58, 0x0, 0x0, 0x0, 0x0, 0x0, 0x0,
    0x0, 0x0, 0x0, 0x58, 0xff, 0xff, 0x9c, 0x68,
    0x68, 0x68, 0x68, 0x68, 0x68, 0x65, 0x35, 0x0,
    0x53, 0xff, 0xff, 0xff, 0xff, 0xff, 0xff, 0xff,
    0xff, 0xff, 0xff, 0xfe, 0x52, 0x13, 0xd3, 0xff,
    0xff, 0xff, 0xff, 0xff, 0xff, 0xff, 0xff, 0xff,
    0xff, 0xa7,

    /* U+004D "M" */
    0x0, 0x72, 0xe1, 0x89, 0x0, 0x0, 0x0, 0x0,
    0x0, 0x0, 0x0, 0x0, 0x0, 0x0, 0x3f, 0xed,
    0xa2, 0xa, 0x33, 0xff, 0xff, 0xec, 0x8, 0x0,
    0x0, 0x0, 0x0, 0x0, 0x0, 0x0, 0x0, 0x0,
    0xa4, 0xff, 0xff, 0x80, 0x57, 0xff, 0xff, 0xff,
    0x5d, 0x0, 0x0, 0x0, 0x0, 0x0, 0x0, 0x0,
    0x0, 0x11, 0xf7, 0xff, 0xff, 0xa7, 0x58, 0xff,
    0xff, 0xff, 0xc6, 0x0, 0x0, 0x0, 0x0, 0x0,
    0x0, 0x0, 0x0, 0x6e, 0xff, 0xff, 0xff, 0xa8,
    0x58, 0xff, 0xce, 0xfa, 0xff, 0x2f, 0x0, 0x0,
    0x0, 0x0, 0x0, 0x0, 0x0, 0xd2, 0xff, 0xcb,
    0xff, 0xa8, 0x58, 0xff, 0xf8, 0xbc, 0xff, 0x98,
    0x0, 0x0, 0x0, 0x0, 0x0, 0x0, 0x38, 0xff,
    0xef, 0xc3, 0xff, 0xa8, 0x58, 0xff, 0xff, 0x8e,
    0xff, 0xf3, 0xd, 0x0, 0x0, 0x0, 0x0, 0x0,
    0x9d, 0xff, 0x93, 0xf6, 0xff, 0xa8, 0x58, 0xff,
    0xff, 0x4d, 0xdb, 0xff, 0x6a, 0x0, 0x0, 0x0,
    0x0, 0xd, 0xf4, 0xff, 0x2d, 0xf8, 0xff, 0xa8,
    0x58, 0xff, 0xff, 0x4c, 0x76, 0xff, 0xd3, 0x0,
    0x0, 0x0, 0x0, 0x67, 0xff, 0xc6, 0x0, 0xf8,
    0xff, 0xa8, 0x58, 0xff, 0xff, 0x4c, 0x15, 0xf9,
    0xff, 0x3c, 0x0, 0x0, 0x0, 0xcc, 0xff, 0x60,
    0x0, 0xf8, 0xff, 0xa8, 0x58, 0xff, 0xff, 0x4c,
    0x0, 0xa9, 0xff, 0xa4, 0x0, 0x0, 0x31, 0xff,
    0xf0, 0xa, 0x0, 0xf8, 0xff, 0xa8, 0x58, 0xff,
    0xff, 0x4c, 0x0, 0x42, 0xff, 0xf8, 0x14, 0x0,
    0x96, 0xff, 0x93, 0x0, 0x0, 0xf8, 0xff, 0xa8,
    0x58, 0xff, 0xff, 0x4c, 0x0, 0x1, 0xda, 0xff,
    0x76, 0xa, 0xf0, 0xff, 0x2d, 0x0, 0x0, 0xf8,
    0xff, 0xa8, 0x58, 0xff, 0xff, 0x4c, 0x0, 0x0,
    0x75, 0xff, 0xdd, 0x62, 0xff, 0xc7, 0x0, 0x0,
    0x0, 0xf8, 0xff, 0xa8, 0x58, 0xff, 0xff, 0x4c,
    0x0, 0x0, 0x15, 0xf9, 0xf0, 0xcd, 0xff, 0x61,
    0x0, 0x0, 0x0, 0xf8, 0xff, 0xa8, 0x58, 0xff,
    0xff, 0x4b, 0x0, 0x0, 0x0, 0xa8, 0xe3, 0xff,
    0xf0, 0xa, 0x0, 0x0, 0x0, 0xf7, 0xff, 0xa8,
    0x58, 0xff, 0xff, 0x2b, 0x0, 0x0, 0x0, 0x41,
    0xff, 0xff, 0x94, 0x0, 0x0, 0x0, 0x0, 0xda,
    0xff, 0xa8, 0x56, 0xe4, 0x75, 0x0, 0x0, 0x0,
    0x0, 0x0, 0xae, 0xe0, 0x21, 0x0, 0x0, 0x0,
    0x0, 0x41, 0xd2, 0xa2,

    /* U+004E "N" */
    0x0, 0x72, 0xe6, 0x7a, 0x0, 0x0, 0x0, 0x0,
    0x0, 0x0, 0x0, 0x2b, 0xea, 0x95, 0x3, 0x2f,
    0xff, 0xff, 0xf8, 0x29, 0x0, 0x0, 0x0, 0x0,
    0x0, 0x0, 0x2c, 0xff, 0xff, 0x57, 0x56, 0xff,
    0xff, 0xff, 0xc6, 0x2, 0x0, 0x0, 0x0, 0x0,
    0x0, 0x2c, 0xff, 0xff, 0x77, 0x58, 0xff, 0xcc,
    0xfa, 0xff, 0x6f, 0x0, 0x0, 0x0, 0x0, 0x0,
    0x2c, 0xff, 0xff, 0x78, 0x58, 0xff, 0xf7, 0xa4,
    0xff, 0xf4, 0x21, 0x0, 0x0, 0x0, 0x0, 0x2c,
    0xff, 0xff, 0x78, 0x58, 0xff, 0xff, 0x53, 0xd6,
    0xff, 0xbc, 0x0, 0x0, 0x0, 0x0, 0x2c, 0xff,
    0xff, 0x78, 0x58, 0xff, 0xff, 0x4c, 0x38, 0xfd,
    0xff, 0x64, 0x0, 0x0, 0x0, 0x2c, 0xff, 0xff,
    0x78, 0x58, 0xff, 0xff, 0x4c, 0x0, 0x8f, 0xff,
    0xf0, 0x1a, 0x0, 0x0, 0x2c, 0xff, 0xff, 0x78,
    0x58, 0xff, 0xff, 0x4c, 0x0, 0xa, 0xde, 0xff,
    0xb1, 0x0, 0x0, 0x2c, 0xff, 0xff, 0x78, 0x58,
    0xff, 0xff, 0x4c, 0x0, 0x0, 0x43, 0xff, 0xff,
    0x58, 0x0, 0x2c, 0xff, 0xff, 0x78, 0x58, 0xff,
    0xff, 0x4c, 0x0, 0x0, 0x0, 0x9b, 0xff, 0xea,
    0x14, 0x2c, 0xff, 0xff, 0x78, 0x58, 0xff, 0xff,
    0x4c, 0x0, 0x0, 0x0, 0xf, 0xe4, 0xff, 0xa6,
    0x2c, 0xff, 0xff, 0x78, 0x58, 0xff, 0xff, 0x4c,
    0x0, 0x0, 0x0, 0x0, 0x4d, 0xff, 0xff, 0x73,
    0xff, 0xff, 0x78, 0x58, 0xff, 0xff, 0x4c, 0x0,
    0x0, 0x0, 0x0, 0x0, 0xa7, 0xff, 0xe4, 0xc5,
    0xff, 0x78, 0x58, 0xff, 0xff, 0x4c, 0x0, 0x0,
    0x0, 0x0, 0x0, 0x15, 0xeb, 0xff, 0xf1, 0xff,
    0x78, 0x58, 0xff, 0xff, 0x4b, 0x0, 0x0, 0x0,
    0x0, 0x0, 0x0, 0x59, 0xff, 0xff, 0xff, 0x77,
    0x58, 0xff, 0xff, 0x2c, 0x0, 0x0, 0x0, 0x0,
    0x0, 0x0, 0x0, 0xb2, 0xff, 0xff, 0x59, 0x56,
    0xe5, 0x7a, 0x0, 0x0, 0x0, 0x0, 0x0, 0x0,
    0x0, 0x0, 0x1b, 0xe5, 0x9c, 0x3,

    /* U+004F "O" */
    0x0, 0x0, 0x0, 0x20, 0x7e, 0xca, 0xe9, 0xf8,
    0xe1, 0xb8, 0x62, 0xa, 0x0, 0x0, 0x0, 0x0,
    0x0, 0x75, 0xf7, 0xff, 0xff, 0xff, 0xff, 0xff,
    0xff, 0xff, 0xdf, 0x41, 0x0, 0x0, 0x0, 0x83,
    0xff, 0xff, 0xf4, 0xa2, 0x70, 0x64, 0x7a, 0xbb,
    0xfe, 0xff, 0xf8, 0x40, 0x0, 0x35, 0xff, 0xff,
    0xcd, 0x1b, 0x0, 0x0, 0x0, 0x0, 0x0, 0x42,
    0xf2, 0xff, 0xe6, 0x7, 0xa4, 0xff, 0xfb, 0x21,
    0x0, 0x0, 0x0, 0x0, 0x0, 0x0, 0x0, 0x6a,
    0xff, 0xff, 0x5e, 0xd4, 0xff, 0xc8, 0x0, 0x0,
    0x0, 0x0, 0x0, 0x0, 0x0, 0x0, 0x16, 0xff,
    0xff, 0x8f, 0xeb, 0xff, 0xb4, 0x0, 0x0, 0x0,
    0x0, 0x0, 0x0, 0x0, 0x0, 0x0, 0xff, 0xff,
    0xa7, 0xec, 0xff, 0xb4, 0x0, 0x0, 0x0, 0x0,
    0x0, 0x0, 0x0, 0x0, 0x0, 0xff, 0xff, 0xa8,
    0xec, 0xff, 0xb4, 0x0, 0x0, 0x0, 0x0, 0x0,
    0x0, 0x0, 0x0, 0x0, 0xff, 0xff, 0xa8, 0xec,
    0xff, 0xb4, 0x0, 0x0, 0x0, 0x0, 0x0, 0x0,
    0x0, 0x0, 0x0, 0xff, 0xff, 0xa8, 0xec, 0xff,
    0xb4, 0x0, 0x0, 0x0, 0x0, 0x0, 0x0, 0x0,
    0x0, 0x0, 0xff, 0xff, 0xa8, 0xeb, 0xff, 0xb4,
    0x0, 0x0, 0x0, 0x0, 0x0, 0x0, 0x0, 0x0,
    0x0, 0xff, 0xff, 0xa7, 0xd2, 0xff, 0xca, 0x0,
    0x0, 0x0, 0x0, 0x0, 0x0, 0x0, 0x0, 0x17,
    0xff, 0xff, 0x8c, 0xa0, 0xff, 0xfc, 0x24, 0x0,
    0x0, 0x0, 0x0, 0x0, 0x0, 0x0, 0x6d, 0xff,
    0xff, 0x5a, 0x30, 0xff, 0xff, 0xd1, 0x1f, 0x0,
    0x0, 0x0, 0x0, 0x0, 0x49, 0xf5, 0xff, 0xe3,
    0x5, 0x0, 0x7e, 0xff, 0xff, 0xf7, 0xa9, 0x76,
    0x6c, 0x81, 0xc2, 0xff, 0xff, 0xf7, 0x3c, 0x0,
    0x0, 0x0, 0x73, 0xf7, 0xff, 0xff, 0xff, 0xff,
    0xff, 0xff, 0xff, 0xde, 0x3f, 0x0, 0x0, 0x0,
    0x0, 0x0, 0x20, 0x7f, 0xcb, 0xea, 0xf8, 0xe2,
    0xb8, 0x63, 0xa, 0x0, 0x0, 0x0,

    /* U+0050 "P" */
    0x1b, 0xdc, 0xff, 0xff, 0xff, 0xff, 0xff, 0xff,
    0xff, 0xf6, 0xda, 0x90, 0x22, 0x0, 0x0, 0x56,
    0xff, 0xff, 0xff, 0xff, 0xff, 0xff, 0xff, 0xff,
    0xff, 0xff, 0xff, 0xf2, 0x4c, 0x0, 0x58, 0xff,
    0xff, 0x9c, 0x68, 0x68, 0x68, 0x68, 0x68, 0x76,
    0xb4, 0xff, 0xff, 0xf2, 0x21, 0x58, 0xff, 0xff,
    0x58, 0x0, 0x0, 0x0, 0x0, 0x0, 0x0, 0x0,
    0x75, 0xff, 0xff, 0x8f, 0x58, 0xff, 0xff, 0x58,
    0x0, 0x0, 0x0, 0x0, 0x0, 0x0, 0x0, 0x2,
    0xe6, 0xff, 0xd5, 0x58, 0xff, 0xff, 0x58, 0x0,
    0x0, 0x0, 0x0, 0x0, 0x0, 0x0, 0x0, 0xbf,
    0xff, 0xef, 0x58, 0xff, 0xff, 0x58, 0x0, 0x0,
    0x0, 0x0, 0x0, 0x0, 0x0, 0x0, 0xd4, 0xff,
    0xe0, 0x58, 0xff, 0xff, 0x58, 0x0, 0x0, 0x0,
    0x0, 0x0, 0x0, 0x0, 0x2d, 0xfc, 0xff, 0xb2,
    0x58, 0xff, 0xff, 0x58, 0x0, 0x0, 0x0, 0x0,
    0x0, 0xd, 0x48, 0xdc, 0xff, 0xff, 0x4f, 0x58,
    0xff, 0xff, 0xff, 0xff, 0xff, 0xff, 0xff, 0xff,
    0xff, 0xff, 0xff, 0xff, 0xa6, 0x0, 0x58, 0xff,
    0xff, 0xff, 0xff, 0xff, 0xff, 0xff, 0xff, 0xff,
    0xff, 0xf1, 0x7f, 0x3, 0x0, 0x58, 0xff, 0xff,
    0x9c, 0x68, 0x68, 0x68, 0x68, 0x68, 0x5f, 0x42,
    0x9, 0x0, 0x0, 0x0, 0x58, 0xff, 0xff, 0x58,
    0x0, 0x0, 0x0, 0x0, 0x0, 0x0, 0x0, 0x0,
    0x0, 0x0, 0x0, 0x58, 0xff, 0xff, 0x58, 0x0,
    0x0, 0x0, 0x0, 0x0, 0x0, 0x0, 0x0, 0x0,
    0x0, 0x0, 0x58, 0xff, 0xff, 0x58, 0x0, 0x0,
    0x0, 0x0, 0x0, 0x0, 0x0, 0x0, 0x0, 0x0,
    0x0, 0x58, 0xff, 0xff, 0x57, 0x0, 0x0, 0x0,
    0x0, 0x0, 0x0, 0x0, 0x0, 0x0, 0x0, 0x0,
    0x58, 0xff, 0xff, 0x34, 0x0, 0x0, 0x0, 0x0,
    0x0, 0x0, 0x0, 0x0, 0x0, 0x0, 0x0, 0x56,
    0xe4, 0x78, 0x0, 0x0, 0x0, 0x0, 0x0, 0x0,
    0x0, 0x0, 0x0, 0x0, 0x0, 0x0,

    /* U+0051 "Q" */
    0x0, 0x0, 0x0, 0x20, 0x7e, 0xca, 0xe9, 0xf8,
    0xe1, 0xb8, 0x62, 0xa, 0x0, 0x0, 0x0, 0x0,
    0x0, 0x75, 0xf7, 0xff, 0xff, 0xff, 0xff, 0xff,
    0xff, 0xff, 0xdf, 0x41, 0x0, 0x0, 0x0, 0x83,
    0xff, 0xff, 0xf9, 0xa5, 0x7c, 0x65, 0x7a, 0xba,
    0xfe, 0xff, 0xf8, 0x40, 0x0, 0x35, 0xff, 0xff,
    0xc3, 0x1d, 0x0, 0x0, 0x0, 0x0, 0x0, 0x3f,
    0xf0, 0xff, 0xe6, 0x7, 0xa4, 0xff, 0xf8, 0x18,
    0x0, 0x0, 0x0, 0x0, 0x0, 0x0, 0x0, 0x64,
    0xff, 0xff, 0x5f, 0xd4, 0xff, 0xc2, 0x0, 0x0,
    0x0, 0x0, 0x0, 0x0, 0x0, 0x0, 0x13, 0xff,
    0xff, 0x8f, 0xeb, 0xff, 0xb4, 0x0, 0x0, 0x0,
    0x0, 0x0, 0x0, 0x0, 0x0, 0x0, 0xff, 0xff,
    0xa7, 0xec, 0xff, 0xb4, 0x0, 0x0, 0x0, 0x0,
    0x0, 0x0, 0x0, 0x0, 0x0, 0xff, 0xff, 0xa8,
    0xec, 0xff, 0xb4, 0x0, 0x0, 0x0, 0x0, 0x0,
    0x0, 0x0, 0x0, 0x0, 0xff, 0xff, 0xa8, 0xec,
    0xff, 0xb4, 0x0, 0x0, 0x0, 0x0, 0x0, 0x0,
    0x0, 0x0, 0x0, 0xff, 0xff, 0xa8, 0xec, 0xff,
    0xe5, 0xd1, 0xf7, 0xec, 0xcc, 0x7c, 0x19, 0x0,
    0x0, 0x0, 0xff, 0xff, 0xa8, 0xeb, 0xff, 0xff,
    0xff, 0xff, 0xff, 0xff, 0xff, 0xf2, 0x55, 0x0,
    0x3, 0xff, 0xff, 0xa7, 0xd2, 0xff, 0xf7, 0x3f,
    0x14, 0x23, 0x55, 0xc3, 0xff, 0xfd, 0x54, 0x2c,
    0xff, 0xff, 0x93, 0xa0, 0xff, 0xff, 0x50, 0x0,
    0x0, 0x0, 0x1, 0x97, 0xff, 0xf3, 0xc4, 0xff,
    0xff, 0x57, 0x30, 0xff, 0xff, 0xef, 0x37, 0x0,
    0x0, 0x0, 0x4, 0xc7, 0xff, 0xff, 0xff, 0xdd,
    0x7, 0x0, 0x7e, 0xff, 0xff, 0xfe, 0xb4, 0x7c,
    0x66, 0x80, 0xd3, 0xff, 0xff, 0xf6, 0x36, 0x0,
    0x0, 0x0, 0x73, 0xf7, 0xff, 0xff, 0xff, 0xff,
    0xff, 0xff, 0xff, 0xff, 0xff, 0x8e, 0x31, 0x0,
    0x0, 0x0, 0x20, 0x7f, 0xcb, 0xea, 0xf8, 0xde,
    0xaf, 0x51, 0xab, 0xff, 0xff, 0xdf, 0x0, 0x0,
    0x0, 0x0, 0x0, 0x0, 0x0, 0x0, 0x0, 0x0,
    0x0, 0x2, 0x51, 0x77, 0x2b,

    /* U+0052 "R" */
    0x1b, 0xdc, 0xff, 0xff, 0xff, 0xff, 0xff, 0xff,
    0xff, 0xf2, 0xcb, 0x74, 0x8, 0x0, 0x0, 0x56,
    0xff, 0xff, 0xff, 0xff, 0xff, 0xff, 0xff, 0xff,
    0xff, 0xff, 0xff, 0xcd, 0x10, 0x0, 0x58, 0xff,
    0xff, 0x8f, 0x60, 0x60, 0x60, 0x60, 0x61, 0x7c,
    0xd9, 0xff, 0xff, 0xa3, 0x0, 0x58, 0xff, 0xff,
    0x4c, 0x0, 0x0, 0x0, 0x0, 0x0, 0x0, 0x9,
    0xdb, 0xff, 0xfc, 0xf, 0x58, 0xff, 0xff, 0x4c,
    0x0, 0x0, 0x0, 0x0, 0x0, 0x0, 0x0, 0x85,
    0xff, 0xff, 0x39, 0x58, 0xff, 0xff, 0x4c, 0x0,
    0x0, 0x0, 0x0, 0x0, 0x0, 0x0, 0x7b, 0xff,
    0xff, 0x3c, 0x58, 0xff, 0xff, 0x4c, 0x0, 0x0,
    0x0, 0x0, 0x0, 0x0, 0x0, 0xbd, 0xff, 0xfd,
    0x16, 0x58, 0xff, 0xff, 0x4c, 0x0, 0x0, 0x0,
    0x0, 0x1, 0x1f, 0x92, 0xff, 0xff, 0xa7, 0x0,
    0x58, 0xff, 0xff, 0xff, 0xff, 0xff, 0xff, 0xff,
    0xff, 0xff, 0xff, 0xff, 0xba, 0xd, 0x0, 0x58,
    0xff, 0xff, 0xff, 0xff, 0xff, 0xff, 0xff, 0xff,
    0xff, 0xff, 0xf0, 0x3a, 0x0, 0x0, 0x58, 0xff,
    0xff, 0x8c, 0x5c, 0x5c, 0x5c, 0x5c, 0x5c, 0x78,
    0xe1, 0xff, 0xf7, 0x34, 0x0, 0x58, 0xff, 0xff,
    0x4c, 0x0, 0x0, 0x0, 0x0, 0x0, 0x0, 0x1d,
    0xf9, 0xff, 0xb6, 0x0, 0x58, 0xff, 0xff, 0x4c,
    0x0, 0x0, 0x0, 0x0, 0x0, 0x0, 0x0, 0xc3,
    0xff, 0xf2, 0x0, 0x58, 0xff, 0xff, 0x4c, 0x0,
    0x0, 0x0, 0x0, 0x0, 0x0, 0x0, 0xaa, 0xff,
    0xff, 0x7, 0x58, 0xff, 0xff, 0x4c, 0x0, 0x0,
    0x0, 0x0, 0x0, 0x0, 0x0, 0xa8, 0xff, 0xff,
    0x8, 0x58, 0xff, 0xff, 0x4a, 0x0, 0x0, 0x0,
    0x0, 0x0, 0x0, 0x0, 0xa8, 0xff, 0xff, 0x6,
    0x58, 0xff, 0xff, 0x27, 0x0, 0x0, 0x0, 0x0,
    0x0, 0x0, 0x0, 0xa8, 0xff, 0xdf, 0x0, 0x56,
    0xe4, 0x73, 0x0, 0x0, 0x0, 0x0, 0x0, 0x0,
    0x0, 0x0, 0xa1, 0xcf, 0x3d, 0x0,

    /* U+0053 "S" */
    0x0, 0x0, 0x5, 0x61, 0xaf, 0xe1, 0xf6, 0xf5,
    0xe0, 0xab, 0x5b, 0x4, 0x0, 0x0, 0x0, 0x0,
    0x23, 0xd9, 0xff, 0xff, 0xff, 0xff, 0xff, 0xff,
    0xff, 0xff, 0xd7, 0x26, 0x0, 0x0, 0x7, 0xdf,
    0xff, 0xff, 0xb7, 0x64, 0x47, 0x4d, 0x70, 0xd7,
    0xff, 0xff, 0xdc, 0x9, 0x0, 0x5e, 0xff, 0xff,
    0x88, 0x0, 0x0, 0x0, 0x0, 0x0, 0x3, 0xb7,
    0xff, 0xff, 0x4a, 0x0, 0x89, 0xff, 0xff, 0x28,
    0x0, 0x0, 0x0, 0x0, 0x0, 0x0, 0x21, 0xff,
    0xff, 0x51, 0x0, 0x7b, 0xff, 0xff, 0x3e, 0x0,
    0x0, 0x0, 0x0, 0x0, 0x0, 0x0, 0xa7, 0x80,
    0x2, 0x0, 0x34, 0xff, 0xff, 0xd6, 0x2f, 0x0,
    0x0, 0x0, 0x0, 0x0, 0x0, 0x0, 0x0, 0x0,
    0x0, 0x0, 0x91, 0xff, 0xff, 0xff, 0xc7, 0x80,
    0x42, 0x9, 0x0, 0x0, 0x0, 0x0, 0x0, 0x0,
    0x0, 0x0, 0x60, 0xe2, 0xff, 0xff, 0xff, 0xff,
    0xf8, 0xb9, 0x5f, 0x8, 0x0, 0x0, 0x0, 0x0,
    0x0, 0x0, 0x2, 0x48, 0x94, 0xd8, 0xff, 0xff,
    0xff, 0xff, 0xe2, 0x4c, 0x0, 0x0, 0x0, 0x0,
    0x0, 0x0, 0x0, 0x0, 0x0, 0x1a, 0x5d, 0xb3,
    0xfe, 0xff, 0xfc, 0x4b, 0x0, 0x0, 0x46, 0x2e,
    0x0, 0x0, 0x0, 0x0, 0x0, 0x0, 0x0, 0x39,
    0xf3, 0xff, 0xd1, 0x0, 0x87, 0xff, 0x87, 0x0,
    0x0, 0x0, 0x0, 0x0, 0x0, 0x0, 0x0, 0x9e,
    0xff, 0xfe, 0x7, 0xcd, 0xff, 0xd6, 0x2, 0x0,
    0x0, 0x0, 0x0, 0x0, 0x0, 0x0, 0x99, 0xff,
    0xff, 0xb, 0xab, 0xff, 0xff, 0x8c, 0x2, 0x0,
    0x0, 0x0, 0x0, 0x0, 0x24, 0xee, 0xff, 0xd6,
    0x0, 0x36, 0xfc, 0xff, 0xff, 0xd0, 0x74, 0x4b,
    0x47, 0x5f, 0x9d, 0xf4, 0xff, 0xff, 0x57, 0x0,
    0x0, 0x4c, 0xec, 0xff, 0xff, 0xff, 0xff, 0xff,
    0xff, 0xff, 0xff, 0xf5, 0x67, 0x0, 0x0, 0x0,
    0x0, 0xc, 0x6c, 0xb2, 0xe1, 0xf4, 0xfa, 0xeb,
    0xc2, 0x7e, 0x1b, 0x0, 0x0, 0x0,

    /* U+0054 "T" */
    0x0, 0x6c, 0xea, 0xff, 0xff, 0xff, 0xff, 0xff,
    0xff, 0xff, 0xff, 0xff, 0xff, 0xff, 0xff, 0x8e,
    0xd, 0xfa, 0xff, 0xff, 0xff, 0xff, 0xff, 0xff,
    0xff, 0xff, 0xff, 0xff, 0xff, 0xff, 0xfb, 0x3c,
    0xf, 0x68, 0x68, 0x68, 0x68, 0x68, 0x76, 0xff,
    0xff, 0xbf, 0x68, 0x68, 0x68, 0x61, 0x29, 0x0,
    0x0, 0x0, 0x0, 0x0, 0x0, 0x0, 0x18, 0xff,
    0xff, 0x94, 0x0, 0x0, 0x0, 0x0, 0x0, 0x0,
    0x0, 0x0, 0x0, 0x0, 0x0, 0x0, 0x18, 0xff,
    0xff, 0x94, 0x0, 0x0, 0x0, 0x0, 0x0, 0x0,
    0x0, 0x0, 0x0, 0x0, 0x0, 0x0, 0x18, 0xff,
    0xff, 0x94, 0x0, 0x0, 0x0, 0x0, 0x0, 0x0,
    0x0, 0x0, 0x0, 0x0, 0x0, 0x0, 0x18, 0xff,
    0xff, 0x94, 0x0, 0x0, 0x0, 0x0, 0x0, 0x0,
    0x0, 0x0, 0x0, 0x0, 0x0, 0x0, 0x18, 0xff,
    0xff, 0x94, 0x0, 0x0, 0x0, 0x0, 0x0, 0x0,
    0x0, 0x0, 0x0, 0x0, 0x0, 0x0, 0x18, 0xff,
    0xff, 0x94, 0x0, 0x0, 0x0, 0x0, 0x0, 0x0,
    0x0, 0x0, 0x0, 0x0, 0x0, 0x0, 0x18, 0xff,
    0xff, 0x94, 0x0, 0x0, 0x0, 0x0, 0x0, 0x0,
    0x0, 0x0, 0x0, 0x0, 0x0, 0x0, 0x18, 0xff,
    0xff, 0x94, 0x0, 0x0, 0x0, 0x0, 0x0, 0x0,
    0x0, 0x0, 0x0, 0x0, 0x0, 0x0, 0x18, 0xff,
    0xff, 0x94, 0x0, 0x0, 0x0, 0x0, 0x0, 0x0,
    0x0, 0x0, 0x0, 0x0, 0x0, 0x0, 0x18, 0xff,
    0xff, 0x94, 0x0, 0x0, 0x0, 0x0, 0x0, 0x0,
    0x0, 0x0, 0x0, 0x0, 0x0, 0x0, 0x18, 0xff,
    0xff, 0x94, 0x0, 0x0, 0x0, 0x0, 0x0, 0x0,
    0x0, 0x0, 0x0, 0x0, 0x0, 0x0, 0x18, 0xff,
    0xff, 0x94, 0x0, 0x0, 0x0, 0x0, 0x0, 0x0,
    0x0, 0x0, 0x0, 0x0, 0x0, 0x0, 0x18, 0xff,
    0xff, 0x93, 0x0, 0x0, 0x0, 0x0, 0x0, 0x0,
    0x0, 0x0, 0x0, 0x0, 0x0, 0x0, 0x18, 0xff,
    0xff, 0x70, 0x0, 0x0, 0x0, 0x0, 0x0, 0x0,
    0x0, 0x0, 0x0, 0x0, 0x0, 0x0, 0x17, 0xee,
    0xa3, 0x9, 0x0, 0x0, 0x0, 0x0, 0x0, 0x0,

    /* U+0055 "U" */
    0x2, 0x91, 0xe9, 0x37, 0x0, 0x0, 0x0, 0x0,
    0x0, 0x0, 0x0, 0x0, 0x35, 0xc9, 0xbf, 0x56,
    0xff, 0xff, 0x38, 0x0, 0x0, 0x0, 0x0, 0x0,
    0x0, 0x0, 0x0, 0xcb, 0xff, 0xc8, 0x77, 0xff,
    0xff, 0x38, 0x0, 0x0, 0x0, 0x0, 0x0, 0x0,
    0x0, 0x0, 0xeb, 0xff, 0xc8, 0x78, 0xff, 0xff,
    0x38, 0x0, 0x0, 0x0, 0x0, 0x0, 0x0, 0x0,
    0x0, 0xec, 0xff, 0xc8, 0x78, 0xff, 0xff, 0x38,
    0x0, 0x0, 0x0, 0x0, 0x0, 0x0, 0x0, 0x0,
    0xec, 0xff, 0xc8, 0x78, 0xff, 0xff, 0x38, 0x0,
    0x0, 0x0, 0x0, 0x0, 0x0, 0x0, 0x0, 0xec,
    0xff, 0xc8, 0x78, 0xff, 0xff, 0x38, 0x0, 0x0,
    0x0, 0x0, 0x0, 0x0, 0x0, 0x0, 0xec, 0xff,
    0xc8, 0x78, 0xff, 0xff, 0x38, 0x0, 0x0, 0x0,
    0x0, 0x0, 0x0, 0x0, 0x0, 0xec, 0xff, 0xc8,
    0x78, 0xff, 0xff, 0x38, 0x0, 0x0, 0x0, 0x0,
    0x0, 0x0, 0x0, 0x0, 0xec, 0xff, 0xc8, 0x78,
    0xff, 0xff, 0x38, 0x0, 0x0, 0x0, 0x0, 0x0,
    0x0, 0x0, 0x0, 0xec, 0xff, 0xc8, 0x78, 0xff,
    0xff, 0x38, 0x0, 0x0, 0x0, 0x0, 0x0, 0x0,
    0x0, 0x0, 0xec, 0xff, 0xc8, 0x76, 0xff, 0xff,
    0x39, 0x0, 0x0, 0x0, 0x0, 0x0, 0x0, 0x0,
    0x0, 0xed, 0xff, 0xc5, 0x5b, 0xff, 0xff, 0x53,
    0x0, 0x0, 0x0, 0x0, 0x0, 0x0, 0x0, 0xa,
    0xfd, 0xff, 0xaa, 0x29, 0xff, 0xff, 0xaf, 0x0,
    0x0, 0x0, 0x0, 0x0, 0x0, 0x0, 0x64, 0xff,
    0xff, 0x77, 0x0, 0xba, 0xff, 0xff, 0x81, 0x2,
    0x0, 0x0, 0x0, 0x0, 0x44, 0xf3, 0xff, 0xf5,
    0x13, 0x0, 0x20, 0xe9, 0xff, 0xff, 0xdb, 0x8e,
    0x74, 0x82, 0xbf, 0xff, 0xff, 0xff, 0x5a, 0x0,
    0x0, 0x0, 0x2b, 0xd0, 0xff, 0xff, 0xff, 0xff,
    0xff, 0xff, 0xff, 0xf0, 0x5c, 0x0, 0x0, 0x0,
    0x0, 0x0, 0x5, 0x5a, 0xb4, 0xe0, 0xf8, 0xe9,
    0xc8, 0x78, 0x18, 0x0, 0x0, 0x0,

    /* U+0056 "V" */
    0xb4, 0xf4, 0x95, 0x1, 0x0, 0x0, 0x0, 0x0,
    0x0, 0x0, 0x0, 0x0, 0x2f, 0xd2, 0xf2, 0x51,
    0x72, 0xff, 0xff, 0x55, 0x0, 0x0, 0x0, 0x0,
    0x0, 0x0, 0x0, 0x0, 0xc9, 0xff, 0xf9, 0x13,
    0x16, 0xfa, 0xff, 0xb4, 0x0, 0x0, 0x0, 0x0,
    0x0, 0x0, 0x0, 0x28, 0xff, 0xff, 0xab, 0x0,
    0x0, 0xaf, 0xff, 0xfb, 0x14, 0x0, 0x0, 0x0,
    0x0, 0x0, 0x0, 0x84, 0xff, 0xff, 0x4a, 0x0,
    0x0, 0x4e, 0xff, 0xff, 0x6b, 0x0, 0x0, 0x0,
    0x0, 0x0, 0x1, 0xde, 0xff, 0xe5, 0x3, 0x0,
    0x0, 0x4, 0xe8, 0xff, 0xc6, 0x0, 0x0, 0x0,
    0x0, 0x0, 0x3c, 0xff, 0xff, 0x86, 0x0, 0x0,
    0x0, 0x0, 0x8b, 0xff, 0xff, 0x23, 0x0, 0x0,
    0x0, 0x0, 0x97, 0xff, 0xff, 0x25, 0x0, 0x0,
    0x0, 0x0, 0x29, 0xff, 0xff, 0x7e, 0x0, 0x0,
    0x0, 0x5, 0xec, 0xff, 0xc3, 0x0, 0x0, 0x0,
    0x0, 0x0, 0x0, 0xc8, 0xff, 0xd9, 0x0, 0x0,
    0x0, 0x4e, 0xff, 0xff, 0x61, 0x0, 0x0, 0x0,
    0x0, 0x0, 0x0, 0x66, 0xff, 0xff, 0x35, 0x0,
    0x0, 0xaa, 0xff, 0xf3, 0xc, 0x0, 0x0, 0x0,
    0x0, 0x0, 0x0, 0xe, 0xf6, 0xff, 0x90, 0x0,
    0xe, 0xf7, 0xff, 0x9d, 0x0, 0x0, 0x0, 0x0,
    0x0, 0x0, 0x0, 0x0, 0xa3, 0xff, 0xe8, 0x3,
    0x61, 0xff, 0xff, 0x3c, 0x0, 0x0, 0x0, 0x0,
    0x0, 0x0, 0x0, 0x0, 0x42, 0xff, 0xff, 0x47,
    0xbd, 0xff, 0xd9, 0x0, 0x0, 0x0, 0x0, 0x0,
    0x0, 0x0, 0x0, 0x0, 0x1, 0xde, 0xff, 0xaa,
    0xfd, 0xff, 0x78, 0x0, 0x0, 0x0, 0x0, 0x0,
    0x0, 0x0, 0x0, 0x0, 0x0, 0x7f, 0xff, 0xc5,
    0xff, 0xfc, 0x1a, 0x0, 0x0, 0x0, 0x0, 0x0,
    0x0, 0x0, 0x0, 0x0, 0x0, 0x1f, 0xfe, 0xff,
    0xff, 0xb5, 0x0, 0x0, 0x0, 0x0, 0x0, 0x0,
    0x0, 0x0, 0x0, 0x0, 0x0, 0x0, 0xbc, 0xff,
    0xff, 0x53, 0x0, 0x0, 0x0, 0x0, 0x0, 0x0,
    0x0, 0x0, 0x0, 0x0, 0x0, 0x0, 0x3a, 0xe8,
    0xb7, 0x4, 0x0, 0x0, 0x0, 0x0, 0x0, 0x0,

    /* U+0057 "W" */
    0xc0, 0xf5, 0x97, 0x1, 0x0, 0x0, 0x0, 0x0,
    0x0, 0x63, 0xec, 0x6f, 0x0, 0x0, 0x0, 0x0,
    0x0, 0x0, 0x89, 0xf3, 0xd1, 0x9c, 0xff, 0xff,
    0x3e, 0x0, 0x0, 0x0, 0x0, 0x0, 0xd9, 0xff,
    0xe8, 0x1, 0x0, 0x0, 0x0, 0x0, 0x2b, 0xff,
    0xff, 0xae, 0x5a, 0xff, 0xff, 0x7c, 0x0, 0x0,
    0x0, 0x0, 0x22, 0xff, 0xff, 0xff, 0x30, 0x0,
    0x0, 0x0, 0x0, 0x6c, 0xff, 0xff, 0x6c, 0x19,
    0xff, 0xff, 0xb6, 0x0, 0x0, 0x0, 0x0, 0x6c,
    0xff, 0xdb, 0xff, 0x76, 0x0, 0x0, 0x0, 0x0,
    0xa8, 0xff, 0xff, 0x2b, 0x0, 0xd8, 0xff, 0xee,
    0x1, 0x0, 0x0, 0x0, 0xb5, 0xff, 0xc0, 0xff,
    0xbc, 0x0, 0x0, 0x0, 0x0, 0xe3, 0xff, 0xe8,
    0x0, 0x0, 0x97, 0xff, 0xff, 0x29, 0x0, 0x0,
    0x8, 0xf6, 0xff, 0x4a, 0xff, 0xf8, 0x9, 0x0,
    0x0, 0x20, 0xff, 0xff, 0xa7, 0x0, 0x0, 0x55,
    0xff, 0xff, 0x62, 0x0, 0x0, 0x48, 0xff, 0xe2,
    0x0, 0xd8, 0xff, 0x47, 0x0, 0x0, 0x5c, 0xff,
    0xff, 0x65, 0x0, 0x0, 0x15, 0xfe, 0xff, 0x9c,
    0x0, 0x0, 0x92, 0xff, 0x9b, 0x0, 0x91, 0xff,
    0x8d, 0x0, 0x0, 0x98, 0xff, 0xff, 0x24, 0x0,
    0x0, 0x0, 0xd3, 0xff, 0xd6, 0x0, 0x0, 0xdb,
    0xff, 0x54, 0x0, 0x4a, 0xff, 0xd3, 0x0, 0x0,
    0xd4, 0xff, 0xe2, 0x0, 0x0, 0x0, 0x0, 0x91,
    0xff, 0xfe, 0x11, 0x24, 0xff, 0xfc, 0x10, 0x0,
    0xa, 0xf8, 0xff, 0x19, 0x11, 0xfe, 0xff, 0xa0,
    0x0, 0x0, 0x0, 0x0, 0x50, 0xff, 0xff, 0x49,
    0x6e, 0xff, 0xc4, 0x0, 0x0, 0x0, 0xbc, 0xff,
    0x5f, 0x4c, 0xff, 0xff, 0x5e, 0x0, 0x0, 0x0,
    0x0, 0x11, 0xfd, 0xff, 0x82, 0xb7, 0xff, 0x7d,
    0x0, 0x0, 0x0, 0x75, 0xff, 0xa4, 0x88, 0xff,
    0xff, 0x1d, 0x0, 0x0, 0x0, 0x0, 0x0, 0xce,
    0xff, 0xb9, 0xf7, 0xff, 0x35, 0x0, 0x0, 0x0,
    0x2e, 0xff, 0xe4, 0xc4, 0xff, 0xdb, 0x0, 0x0,
    0x0, 0x0, 0x0, 0x0, 0x8c, 0xff, 0xcb, 0xff,
    0xeb, 0x2, 0x0, 0x0, 0x0, 0x0, 0xe6, 0xce,
    0xf8, 0xff, 0x99, 0x0, 0x0, 0x0, 0x0, 0x0,
    0x0, 0x4b, 0xff, 0xf5, 0xff, 0xa6, 0x0, 0x0,
    0x0, 0x0, 0x0, 0xa0, 0xe9, 0xff, 0xff, 0x57,
    0x0, 0x0, 0x0, 0x0, 0x0, 0x0, 0xe, 0xfc,
    0xff, 0xff, 0x5e, 0x0, 0x0, 0x0, 0x0, 0x0,
    0x59, 0xff, 0xff, 0xff, 0x17, 0x0, 0x0, 0x0,
    0x0, 0x0, 0x0, 0x0, 0xb9, 0xff, 0xfe, 0x18,
    0x0, 0x0, 0x0, 0x0, 0x0, 0x14, 0xfd, 0xff,
    0xc5, 0x0, 0x0, 0x0, 0x0, 0x0, 0x0, 0x0,
    0x0, 0x21, 0xc1, 0xc8, 0x0, 0x0, 0x0, 0x0,
    0x0, 0x0, 0x0, 0xc4, 0xc4, 0x26, 0x0, 0x0,
    0x0, 0x0,

    /* U+0058 "X" */
    0x57, 0xf2, 0xd9, 0x4a, 0x0, 0x0, 0x0, 0x0,
    0x0, 0x0, 0x0, 0x13, 0xb3, 0xf2, 0xb1, 0x0,
    0xc, 0xdc, 0xff, 0xf5, 0x25, 0x0, 0x0, 0x0,
    0x0, 0x0, 0x0, 0xb4, 0xff, 0xff, 0x51, 0x0,
    0x0, 0x37, 0xfb, 0xff, 0xc7, 0x3, 0x0, 0x0,
    0x0, 0x0, 0x66, 0xff, 0xff, 0x9a, 0x0, 0x0,
    0x0, 0x0, 0x7e, 0xff, 0xff, 0x7a, 0x0, 0x0,
    0x0, 0x23, 0xf4, 0xff, 0xd9, 0xb, 0x0, 0x0,
    0x0, 0x0, 0x3, 0xc5, 0xff, 0xf9, 0x2f, 0x0,
    0x3, 0xc5, 0xff, 0xfa, 0x33, 0x0, 0x0, 0x0,
    0x0, 0x0, 0x0, 0x21, 0xf2, 0xff, 0xd2, 0x6,
    0x7b, 0xff, 0xff, 0x77, 0x0, 0x0, 0x0, 0x0,
    0x0, 0x0, 0x0, 0x0, 0x5e, 0xff, 0xff, 0x8f,
    0xfa, 0xff, 0xbe, 0x2, 0x0, 0x0, 0x0, 0x0,
    0x0, 0x0, 0x0, 0x0, 0x0, 0xa9, 0xfe, 0xdf,
    0xff, 0xee, 0x1c, 0x0, 0x0, 0x0, 0x0, 0x0,
    0x0, 0x0, 0x0, 0x0, 0x0, 0x11, 0xf1, 0xff,
    0xff, 0x62, 0x0, 0x0, 0x0, 0x0, 0x0, 0x0,
    0x0, 0x0, 0x0, 0x0, 0x0, 0x59, 0xff, 0xff,
    0xff, 0xb8, 0x1, 0x0, 0x0, 0x0, 0x0, 0x0,
    0x0, 0x0, 0x0, 0x0, 0x1e, 0xf0, 0xff, 0xf0,
    0xff, 0xff, 0x70, 0x0, 0x0, 0x0, 0x0, 0x0,
    0x0, 0x0, 0x0, 0x2, 0xc1, 0xff, 0xf8, 0x2e,
    0xbd, 0xff, 0xf8, 0x2d, 0x0, 0x0, 0x0, 0x0,
    0x0, 0x0, 0x0, 0x79, 0xff, 0xff, 0x73, 0x0,
    0x1d, 0xef, 0xff, 0xd3, 0x8, 0x0, 0x0, 0x0,
    0x0, 0x0, 0x33, 0xfa, 0xff, 0xbf, 0x1, 0x0,
    0x0, 0x5b, 0xff, 0xff, 0x92, 0x0, 0x0, 0x0,
    0x0, 0xa, 0xd8, 0xff, 0xf0, 0x1e, 0x0, 0x0,
    0x0, 0x0, 0xa9, 0xff, 0xff, 0x49, 0x0, 0x0,
    0x0, 0x98, 0xff, 0xff, 0x5c, 0x0, 0x0, 0x0,
    0x0, 0x0, 0x12, 0xe5, 0xff, 0xe8, 0x15, 0x0,
    0x4e, 0xff, 0xff, 0xaa, 0x0, 0x0, 0x0, 0x0,
    0x0, 0x0, 0x0, 0x47, 0xfe, 0xff, 0xb3, 0x0,
    0x93, 0xf2, 0xb3, 0xf, 0x0, 0x0, 0x0, 0x0,
    0x0, 0x0, 0x0, 0x0, 0x6c, 0xeb, 0xd7, 0x1c,

    /* U+0059 "Y" */
    0xa6, 0xf7, 0xbb, 0x14, 0x0, 0x0, 0x0, 0x0,
    0x0, 0x0, 0x0, 0x3, 0x9b, 0xf5, 0xd9, 0x8,
    0x44, 0xff, 0xff, 0xa3, 0x0, 0x0, 0x0, 0x0,
    0x0, 0x0, 0x0, 0x6d, 0xff, 0xff, 0x83, 0x0,
    0x0, 0xb6, 0xff, 0xfd, 0x2e, 0x0, 0x0, 0x0,
    0x0, 0x0, 0x9, 0xe7, 0xff, 0xe8, 0xc, 0x0,
    0x0, 0x2a, 0xfc, 0xff, 0xb4, 0x0, 0x0, 0x0,
    0x0, 0x0, 0x74, 0xff, 0xff, 0x65, 0x0, 0x0,
    0x0, 0x0, 0x98, 0xff, 0xff, 0x3d, 0x0, 0x0,
    0x0, 0xc, 0xea, 0xff, 0xd3, 0x3, 0x0, 0x0,
    0x0, 0x0, 0x16, 0xf2, 0xff, 0xc5, 0x0, 0x0,
    0x0, 0x7a, 0xff, 0xff, 0x46, 0x0, 0x0, 0x0,
    0x0, 0x0, 0x0, 0x7a, 0xff, 0xff, 0x4e, 0x0,
    0xe, 0xed, 0xff, 0xb7, 0x0, 0x0, 0x0, 0x0,
    0x0, 0x0, 0x0, 0x9, 0xe2, 0xff, 0xd3, 0x2,
    0x7f, 0xff, 0xfc, 0x2b, 0x0, 0x0, 0x0, 0x0,
    0x0, 0x0, 0x0, 0x0, 0x5c, 0xff, 0xff, 0x6c,
    0xf0, 0xff, 0x98, 0x0, 0x0, 0x0, 0x0, 0x0,
    0x0, 0x0, 0x0, 0x0, 0x1, 0xcb, 0xff, 0xbc,
    0xff, 0xf2, 0x17, 0x0, 0x0, 0x0, 0x0, 0x0,
    0x0, 0x0, 0x0, 0x0, 0x0, 0x3e, 0xff, 0xfc,
    0xff, 0x79, 0x0, 0x0, 0x0, 0x0, 0x0, 0x0,
    0x0, 0x0, 0x0, 0x0, 0x0, 0x0, 0xc5, 0xff,
    0xf8, 0x8, 0x0, 0x0, 0x0, 0x0, 0x0, 0x0,
    0x0, 0x0, 0x0, 0x0, 0x0, 0x0, 0xb8, 0xff,
    0xf4, 0x0, 0x0, 0x0, 0x0, 0x0, 0x0, 0x0,
    0x0, 0x0, 0x0, 0x0, 0x0, 0x0, 0xb8, 0xff,
    0xf4, 0x0, 0x0, 0x0, 0x0, 0x0, 0x0, 0x0,
    0x0, 0x0, 0x0, 0x0, 0x0, 0x0, 0xb8, 0xff,
    0xf4, 0x0, 0x0, 0x0, 0x0, 0x0, 0x0, 0x0,
    0x0, 0x0, 0x0, 0x0, 0x0, 0x0, 0xb8, 0xff,
    0xf3, 0x0, 0x0, 0x0, 0x0, 0x0, 0x0, 0x0,
    0x0, 0x0, 0x0, 0x0, 0x0, 0x0, 0xb8, 0xff,
    0xd1, 0x0, 0x0, 0x0, 0x0, 0x0, 0x0, 0x0,
    0x0, 0x0, 0x0, 0x0, 0x0, 0x0, 0xb0, 0xcb,
    0x37, 0x0, 0x0, 0x0, 0x0, 0x0, 0x0, 0x0,

    /* U+005A "Z" */
    0x58, 0xff, 0xff, 0xff, 0xff, 0xff, 0xff, 0xff,
    0xff, 0xff, 0xff, 0xff, 0xff, 0xfe, 0xb9, 0x0,
    0x13, 0xea, 0xff, 0xff, 0xff, 0xff, 0xff, 0xff,
    0xff, 0xff, 0xff, 0xdb, 0xff, 0xff, 0xe5, 0x0,
    0x0, 0x15, 0x52, 0x5c, 0x5c, 0x5c, 0x5c, 0x5c,
    0x5c, 0x5c, 0x69, 0xdf, 0xff, 0xff, 0x57, 0x0,
    0x0, 0x0, 0x0, 0x0, 0x0, 0x0, 0x0, 0x0,
    0x0, 0x1, 0xb1, 0xff, 0xff, 0x8b, 0x0, 0x0,
    0x0, 0x0, 0x0, 0x0, 0x0, 0x0, 0x0, 0x0,
    0x0, 0x80, 0xff, 0xff, 0xbc, 0x3, 0x0, 0x0,
    0x0, 0x0, 0x0, 0x0, 0x0, 0x0, 0x0, 0x0,
    0x4d, 0xfe, 0xff, 0xe0, 0x13, 0x0, 0x0, 0x0,
    0x0, 0x0, 0x0, 0x0, 0x0, 0x0, 0x0, 0x26,
    0xf0, 0xff, 0xf6, 0x31, 0x0, 0x0, 0x0, 0x0,
    0x0, 0x0, 0x0, 0x0, 0x0, 0x0, 0xd, 0xd6,
    0xff, 0xff, 0x5c, 0x0, 0x0, 0x0, 0x0, 0x0,
    0x0, 0x0, 0x0, 0x0, 0x0, 0x1, 0xae, 0xff,
    0xff, 0x90, 0x0, 0x0, 0x0, 0x0, 0x0, 0x0,
    0x0, 0x0, 0x0, 0x0, 0x0, 0x7b, 0xff, 0xff,
    0xc0, 0x4, 0x0, 0x0, 0x0, 0x0, 0x0, 0x0,
    0x0, 0x0, 0x0, 0x0, 0x49, 0xfd, 0xff, 0xe3,
    0x16, 0x0, 0x0, 0x0, 0x0, 0x0, 0x0, 0x0,
    0x0, 0x0, 0x0, 0x23, 0xee, 0xff, 0xf8, 0x35,
    0x0, 0x0, 0x0, 0x0, 0x0, 0x0, 0x0, 0x0,
    0x0, 0x0, 0xb, 0xd3, 0xff, 0xff, 0x61, 0x0,
    0x0, 0x0, 0x0, 0x0, 0x0, 0x0, 0x0, 0x0,
    0x0, 0x0, 0xaa, 0xff, 0xff, 0x96, 0x0, 0x0,
    0x0, 0x0, 0x0, 0x0, 0x0, 0x0, 0x0, 0x0,
    0x0, 0x77, 0xff, 0xff, 0xc4, 0x5, 0x0, 0x0,
    0x0, 0x0, 0x0, 0x0, 0x0, 0x0, 0x0, 0x0,
    0x45, 0xfc, 0xff, 0xe6, 0x69, 0x58, 0x58, 0x58,
    0x58, 0x58, 0x58, 0x58, 0x58, 0x45, 0x4, 0x0,
    0xd1, 0xff, 0xff, 0xd5, 0xff, 0xff, 0xff, 0xff,
    0xff, 0xff, 0xff, 0xff, 0xff, 0xff, 0xae, 0x0,
    0xa4, 0xfe, 0xff, 0xff, 0xff, 0xff, 0xff, 0xff,
    0xff, 0xff, 0xff, 0xff, 0xff, 0xff, 0xfe, 0x8,

    /* U+005B "[" */
    0x58, 0xff, 0xff, 0xff, 0xff, 0xff, 0xff, 0xa,
    0x58, 0xff, 0xff, 0xff, 0xff, 0xff, 0xc5, 0x0,
    0x58, 0xff, 0xff, 0x97, 0x60, 0x53, 0xe, 0x0,
    0x58, 0xff, 0xff, 0x58, 0x0, 0x0, 0x0, 0x0,
    0x58, 0xff, 0xff, 0x58, 0x0, 0x0, 0x0, 0x0,
    0x58, 0xff, 0xff, 0x58, 0x0, 0x0, 0x0, 0x0,
    0x58, 0xff, 0xff, 0x58, 0x0, 0x0, 0x0, 0x0,
    0x58, 0xff, 0xff, 0x58, 0x0, 0x0, 0x0, 0x0,
    0x58, 0xff, 0xff, 0x58, 0x0, 0x0, 0x0, 0x0,
    0x58, 0xff, 0xff, 0x58, 0x0, 0x0, 0x0, 0x0,
    0x58, 0xff, 0xff, 0x58, 0x0, 0x0, 0x0, 0x0,
    0x58, 0xff, 0xff, 0x58, 0x0, 0x0, 0x0, 0x0,
    0x58, 0xff, 0xff, 0x58, 0x0, 0x0, 0x0, 0x0,
    0x58, 0xff, 0xff, 0x58, 0x0, 0x0, 0x0, 0x0,
    0x58, 0xff, 0xff, 0x58, 0x0, 0x0, 0x0, 0x0,
    0x58, 0xff, 0xff, 0x58, 0x0, 0x0, 0x0, 0x0,
    0x58, 0xff, 0xff, 0x58, 0x0, 0x0, 0x0, 0x0,
    0x58, 0xff, 0xff, 0x58, 0x0, 0x0, 0x0, 0x0,
    0x58, 0xff, 0xff, 0x58, 0x0, 0x0, 0x0, 0x0,
    0x58, 0xff, 0xff, 0x58, 0x0, 0x0, 0x0, 0x0,
    0x58, 0xff, 0xff, 0x58, 0x0, 0x0, 0x0, 0x0,
    0x58, 0xff, 0xff, 0x9c, 0x68, 0x5a, 0x10, 0x0,
    0x58, 0xff, 0xff, 0xff, 0xff, 0xff, 0xc7, 0x0,
    0x58, 0xff, 0xff, 0xff, 0xff, 0xff, 0xff, 0xb,

    /* U+005C "\\" */
    0x9e, 0xf2, 0x9c, 0x2, 0x0, 0x0, 0x0, 0x0,
    0x0, 0x0, 0x0, 0x0, 0x0, 0x6f, 0xff, 0xff,
    0x5d, 0x0, 0x0, 0x0, 0x0, 0x0, 0x0, 0x0,
    0x0, 0x0, 0x9, 0xe9, 0xff, 0xd6, 0x2, 0x0,
    0x0, 0x0, 0x0, 0x0, 0x0, 0x0, 0x0, 0x0,
    0x78, 0xff, 0xff, 0x54, 0x0, 0x0, 0x0, 0x0,
    0x0, 0x0, 0x0, 0x0, 0x0, 0xd, 0xee, 0xff,
    0xcf, 0x0, 0x0, 0x0, 0x0, 0x0, 0x0, 0x0,
    0x0, 0x0, 0x0, 0x81, 0xff, 0xff, 0x4b, 0x0,
    0x0, 0x0, 0x0, 0x0, 0x0, 0x0, 0x0, 0x0,
    0x12, 0xf3, 0xff, 0xc7, 0x0, 0x0, 0x0, 0x0,
    0x0, 0x0, 0x0, 0x0, 0x0, 0x0, 0x8a, 0xff,
    0xff, 0x42, 0x0, 0x0, 0x0, 0x0, 0x0, 0x0,
    0x0, 0x0, 0x0, 0x17, 0xf7, 0xff, 0xbe, 0x0,
    0x0, 0x0, 0x0, 0x0, 0x0, 0x0, 0x0, 0x0,
    0x0, 0x93, 0xff, 0xff, 0x3a, 0x0, 0x0, 0x0,
    0x0, 0x0, 0x0, 0x0, 0x0, 0x0, 0x1d, 0xfa,
    0xff, 0xb5, 0x0, 0x0, 0x0, 0x0, 0x0, 0x0,
    0x0, 0x0, 0x0, 0x0, 0x9c, 0xff, 0xff, 0x31,
    0x0, 0x0, 0x0, 0x0, 0x0, 0x0, 0x0, 0x0,
    0x0, 0x24, 0xfc, 0xff, 0xac, 0x0, 0x0, 0x0,
    0x0, 0x0, 0x0, 0x0, 0x0, 0x0, 0x0, 0xa5,
    0xff, 0xfe, 0x2a, 0x0, 0x0, 0x0, 0x0, 0x0,
    0x0, 0x0, 0x0, 0x0, 0x2b, 0xfe, 0xff, 0xa3,
    0x0, 0x0, 0x0, 0x0, 0x0, 0x0, 0x0, 0x0,
    0x0, 0x0, 0xae, 0xff, 0xfc, 0x23, 0x0, 0x0,
    0x0, 0x0, 0x0, 0x0, 0x0, 0x0, 0x0, 0x33,
    0xff, 0xff, 0x9b, 0x0, 0x0, 0x0, 0x0, 0x0,
    0x0, 0x0, 0x0, 0x0, 0x0, 0xb7, 0xff, 0xf9,
    0x1c, 0x0, 0x0, 0x0, 0x0, 0x0, 0x0, 0x0,
    0x0, 0x0, 0x3c, 0xff, 0xff, 0x92, 0x0, 0x0,
    0x0, 0x0, 0x0, 0x0, 0x0, 0x0, 0x0, 0x0,
    0x84, 0xf0, 0xba, 0x0,

    /* U+005D "]" */
    0xe0, 0xff, 0xff, 0xff, 0xff, 0xff, 0x80, 0x99,
    0xff, 0xff, 0xff, 0xff, 0xff, 0x80, 0x4, 0x4b,
    0x60, 0x7b, 0xff, 0xff, 0x80, 0x0, 0x0, 0x0,
    0x2c, 0xff, 0xff, 0x80, 0x0, 0x0, 0x0, 0x2c,
    0xff, 0xff, 0x80, 0x0, 0x0, 0x0, 0x2c, 0xff,
    0xff, 0x80, 0x0, 0x0, 0x0, 0x2c, 0xff, 0xff,
    0x80, 0x0, 0x0, 0x0, 0x2c, 0xff, 0xff, 0x80,
    0x0, 0x0, 0x0, 0x2c, 0xff, 0xff, 0x80, 0x0,
    0x0, 0x0, 0x2c, 0xff, 0xff, 0x80, 0x0, 0x0,
    0x0, 0x2c, 0xff, 0xff, 0x80, 0x0, 0x0, 0x0,
    0x2c, 0xff, 0xff, 0x80, 0x0, 0x0, 0x0, 0x2c,
    0xff, 0xff, 0x80, 0x0, 0x0, 0x0, 0x2c, 0xff,
    0xff, 0x80, 0x0, 0x0, 0x0, 0x2c, 0xff, 0xff,
    0x80, 0x0, 0x0, 0x0, 0x2c, 0xff, 0xff, 0x80,
    0x0, 0x0, 0x0, 0x2c, 0xff, 0xff, 0x80, 0x0,
    0x0, 0x0, 0x2c, 0xff, 0xff, 0x80, 0x0, 0x0,
    0x0, 0x2c, 0xff, 0xff, 0x80, 0x0, 0x0, 0x0,
    0x2c, 0xff, 0xff, 0x80, 0x0, 0x0, 0x0, 0x2c,
    0xff, 0xff, 0x80, 0x6, 0x54, 0x68, 0x82, 0xff,
    0xff, 0x80, 0x9b, 0xff, 0xff, 0xff, 0xff, 0xff,
    0x80, 0xdf, 0xff, 0xff, 0xff, 0xff, 0xff, 0x80,

    /* U+005E "^" */
    0x0, 0x0, 0x0, 0x0, 0x0, 0x4, 0x67, 0x43,
    0x0, 0x0, 0x0, 0x0, 0x0, 0x0, 0x0, 0x0,
    0x0, 0x0, 0x0, 0x7d, 0xff, 0xfb, 0x29, 0x0,
    0x0, 0x0, 0x0, 0x0, 0x0, 0x0, 0x0, 0x0,
    0xd, 0xee, 0xff, 0xff, 0xa5, 0x0, 0x0, 0x0,
    0x0, 0x0, 0x0, 0x0, 0x0, 0x0, 0x7a, 0xff,
    0xff, 0xff, 0xfc, 0x26, 0x0, 0x0, 0x0, 0x0,
    0x0, 0x0, 0x0, 0xb, 0xeb, 0xff, 0xaf, 0xee,
    0xff, 0xa2, 0x0, 0x0, 0x0, 0x0, 0x0, 0x0,
    0x0, 0x74, 0xff, 0xfe, 0x2a, 0x81, 0xff, 0xfc,
    0x23, 0x0, 0x0, 0x0, 0x0, 0x0, 0x9, 0xe8,
    0xff, 0xae, 0x0, 0x12, 0xf3, 0xff, 0x9e, 0x0,
    0x0, 0x0, 0x0, 0x0, 0x6e, 0xff, 0xff, 0x34,
    0x0, 0x0, 0x8a, 0xff, 0xfb, 0x21, 0x0, 0x0,
    0x0, 0x7, 0xe4, 0xff, 0xb8, 0x0, 0x0, 0x0,
    0x17, 0xf7, 0xff, 0x9b, 0x0, 0x0, 0x0, 0x69,
    0xff, 0xff, 0x3d, 0x0, 0x0, 0x0, 0x0, 0x94,
    0xff, 0xfa, 0x1e, 0x0, 0x5, 0xe0, 0xff, 0xc3,
    0x0, 0x0, 0x0, 0x0, 0x0, 0x1e, 0xfa, 0xff,
    0x97, 0x0, 0x63, 0xff, 0xff, 0x48, 0x0, 0x0,
    0x0, 0x0, 0x0, 0x0, 0x9d, 0xff, 0xf9, 0x1c,
    0xac, 0xef, 0x93, 0x0, 0x0, 0x0, 0x0, 0x0,
    0x0, 0x0, 0x15, 0xbe, 0xf4, 0x64,

    /* U+005F "_" */
    0x0, 0x28, 0x40, 0x40, 0x40, 0x40, 0x40, 0x40,
    0x40, 0x40, 0x40, 0x40, 0x3d, 0x78, 0xff, 0xff,
    0xff, 0xff, 0xff, 0xff, 0xff, 0xff, 0xff, 0xff,
    0xff, 0xdc, 0xdb, 0xff, 0xff, 0xff, 0xff, 0xff,
    0xff, 0xff, 0xff, 0xff, 0xff, 0xec, 0x58,

    /* U+0060 "`" */
    0x85, 0xfe, 0xdf, 0x61, 0x0, 0x0, 0x0, 0x2,
    0xb4, 0xff, 0xfc, 0x2f, 0x0, 0x0, 0x0, 0xf,
    0xd9, 0xff, 0xc1, 0x0, 0x0, 0x0, 0x0, 0x28,
    0xf1, 0xff, 0x58, 0x0, 0x0, 0x0, 0x0, 0x45,
    0xe7, 0xe0, 0x9,

    /* U+0061 "a" */
    0x0, 0x3, 0x5f, 0xb6, 0xe8, 0xfa, 0xef, 0xc3,
    0x65, 0x2, 0x0, 0x6, 0xc1, 0xff, 0xff, 0xff,
    0xff, 0xff, 0xff, 0xff, 0xb5, 0x5, 0x2d, 0xff,
    0xde, 0x64, 0x26, 0x16, 0x32, 0x9d, 0xff, 0xff,
    0x6e, 0x0, 0x5d, 0x12, 0x0, 0x0, 0x0, 0x0,
    0x0, 0xc6, 0xff, 0xc2, 0x0, 0x1, 0x60, 0xbe,
    0xe8, 0xe9, 0xc2, 0x63, 0x9b, 0xff, 0xdd, 0x4,
    0xb1, 0xff, 0xff, 0xff, 0xff, 0xff, 0xff, 0xd6,
    0xfe, 0xe0, 0x71, 0xff, 0xff, 0x95, 0x22, 0x9,
    0x2d, 0xaa, 0xff, 0xff, 0xe0, 0xcb, 0xff, 0xc0,
    0x0, 0x0, 0x0, 0x0, 0x3, 0xcf, 0xff, 0xe0,
    0xe6, 0xff, 0x8b, 0x0, 0x0, 0x0, 0x0, 0x0,
    0x98, 0xff, 0xe0, 0xd1, 0xff, 0xb5, 0x0, 0x0,
    0x0, 0x0, 0x0, 0xc6, 0xff, 0xe0, 0x82, 0xff,
    0xff, 0x7f, 0x12, 0x1, 0x1f, 0x99, 0xff, 0xff,
    0xe0, 0xc, 0xce, 0xff, 0xff, 0xff, 0xfb, 0xff,
    0xff, 0xc2, 0xfd, 0xd0, 0x0, 0xa, 0x81, 0xd8,
    0xf9, 0xf0, 0xbe, 0x50, 0x75, 0xdd, 0x4e,

    /* U+0062 "b" */
    0x4, 0x9a, 0xed, 0x2b, 0x0, 0x0, 0x0, 0x0,
    0x0, 0x0, 0x0, 0x0, 0x46, 0xff, 0xff, 0x2c,
    0x0, 0x0, 0x0, 0x0, 0x0, 0x0, 0x0, 0x0,
    0x58, 0xff, 0xff, 0x2c, 0x0, 0x0, 0x0, 0x0,
    0x0, 0x0, 0x0, 0x0, 0x58, 0xff, 0xff, 0x2c,
    0x0, 0x0, 0x0, 0x0, 0x0, 0x0, 0x0, 0x0,
    0x58, 0xff, 0xff, 0x2c, 0x0, 0x0, 0x0, 0x0,
    0x0, 0x0, 0x0, 0x0, 0x58, 0xff, 0xff, 0x3a,
    0x7d, 0xd4, 0xf8, 0xec, 0xb5, 0x42, 0x0, 0x0,
    0x58, 0xff, 0xec, 0xe4, 0xff, 0xff, 0xff, 0xff,
    0xff, 0xfe, 0x6c, 0x0, 0x58, 0xff, 0xff, 0xfe,
    0x9f, 0x4e, 0x45, 0x7a, 0xee, 0xff, 0xf9, 0x1d,
    0x58, 0xff, 0xff, 0x80, 0x0, 0x0, 0x0, 0x0,
    0x42, 0xff, 0xff, 0x65, 0x58, 0xff, 0xff, 0x2d,
    0x0, 0x0, 0x0, 0x0, 0x2, 0xf9, 0xff, 0x7e,
    0x58, 0xff, 0xff, 0x28, 0x0, 0x0, 0x0, 0x0,
    0x0, 0xf4, 0xff, 0x80, 0x58, 0xff, 0xff, 0x28,
    0x0, 0x0, 0x0, 0x0, 0x0, 0xf4, 0xff, 0x80,
    0x58, 0xff, 0xff, 0x28, 0x0, 0x0, 0x0, 0x0,
    0x0, 0xf4, 0xff, 0x80, 0x58, 0xff, 0xff, 0x2e,
    0x0, 0x0, 0x0, 0x0, 0x2, 0xf9, 0xff, 0x7d,
    0x58, 0xff, 0xff, 0x7f, 0x0, 0x0, 0x0, 0x0,
    0x43, 0xff, 0xff, 0x5f, 0x58, 0xff, 0xf8, 0xfd,
    0x9c, 0x50, 0x48, 0x7b, 0xed, 0xff, 0xf4, 0x12,
    0x58, 0xff, 0xe4, 0xbc, 0xff, 0xff, 0xff, 0xff,
    0xff, 0xfb, 0x56, 0x0, 0x56, 0xea, 0x7e, 0x3,
    0x71, 0xd3, 0xf7, 0xe9, 0xac, 0x33, 0x0, 0x0,

    /* U+0063 "c" */
    0x0, 0x0, 0x22, 0x95, 0xdc, 0xf7, 0xf1, 0xcb,
    0x7b, 0xe, 0x0, 0x0, 0x46, 0xf5, 0xff, 0xff,
    0xff, 0xff, 0xff, 0xff, 0xda, 0x16, 0xe, 0xef,
    0xff, 0xf3, 0x80, 0x45, 0x54, 0xb9, 0xff, 0xff,
    0x8c, 0x61, 0xff, 0xff, 0x4e, 0x0, 0x0, 0x0,
    0x1, 0xb7, 0xff, 0xa7, 0x85, 0xff, 0xf6, 0x2,
    0x0, 0x0, 0x0, 0x0, 0x4e, 0xaf, 0x24, 0x8c,
    0xff, 0xec, 0x0, 0x0, 0x0, 0x0, 0x0, 0x0,
    0x0, 0x0, 0x8c, 0xff, 0xec, 0x0, 0x0, 0x0,
    0x0, 0x0, 0x0, 0x0, 0x0, 0x8c, 0xff, 0xec,
    0x0, 0x0, 0x0, 0x0, 0x0, 0x0, 0x0, 0x0,
    0x88, 0xff, 0xf5, 0x1, 0x0, 0x0, 0x0, 0x0,
    0x42, 0xb8, 0x36, 0x68, 0xff, 0xff, 0x4b, 0x0,
    0x0, 0x0, 0x0, 0xab, 0xff, 0xbd, 0x14, 0xf4,
    0xff, 0xf3, 0x83, 0x49, 0x55, 0xb3, 0xff, 0xff,
    0x9c, 0x0, 0x4f, 0xf8, 0xff, 0xff, 0xff, 0xff,
    0xff, 0xff, 0xe0, 0x1d, 0x0, 0x0, 0x26, 0x99,
    0xde, 0xf8, 0xf2, 0xcd, 0x7f, 0x11, 0x0,

    /* U+0064 "d" */
    0x0, 0x0, 0x0, 0x0, 0x0, 0x0, 0x0, 0x0,
    0x0, 0x7e, 0xe7, 0x4a, 0x0, 0x0, 0x0, 0x0,
    0x0, 0x0, 0x0, 0x0, 0x26, 0xff, 0xff, 0x4c,
    0x0, 0x0, 0x0, 0x0, 0x0, 0x0, 0x0, 0x0,
    0x38, 0xff, 0xff, 0x4c, 0x0, 0x0, 0x0, 0x0,
    0x0, 0x0, 0x0, 0x0, 0x38, 0xff, 0xff, 0x4c,
    0x0, 0x0, 0x0, 0x0, 0x0, 0x0, 0x0, 0x0,
    0x38, 0xff, 0xff, 0x4c, 0x0, 0x0, 0x39, 0xab,
    0xe7, 0xf8, 0xd9, 0x82, 0x46, 0xff, 0xff, 0x4c,
    0x0, 0x66, 0xfd, 0xff, 0xff, 0xff, 0xff, 0xff,
    0xe3, 0xf0, 0xff, 0x4c, 0x1c, 0xfa, 0xff, 0xe9,
    0x74, 0x43, 0x4f, 0x9c, 0xfe, 0xff, 0xff, 0x4c,
    0x6d, 0xff, 0xff, 0x37, 0x0, 0x0, 0x0, 0x0,
    0x85, 0xff, 0xff, 0x4c, 0x89, 0xff, 0xf2, 0x0,
    0x0, 0x0, 0x0, 0x0, 0x39, 0xff, 0xff, 0x4c,
    0x8c, 0xff, 0xec, 0x0, 0x0, 0x0, 0x0, 0x0,
    0x34, 0xff, 0xff, 0x4c, 0x8c, 0xff, 0xec, 0x0,
    0x0, 0x0, 0x0, 0x0, 0x34, 0xff, 0xff, 0x4c,
    0x8c, 0xff, 0xec, 0x0, 0x0, 0x0, 0x0, 0x0,
    0x34, 0xff, 0xff, 0x4c, 0x89, 0xff, 0xf3, 0x0,
    0x0, 0x0, 0x0, 0x0, 0x3b, 0xff, 0xff, 0x4c,
    0x6d, 0xff, 0xff, 0x3a, 0x0, 0x0, 0x0, 0x0,
    0x8d, 0xff, 0xff, 0x4c, 0x1e, 0xfb, 0xff, 0xea,
    0x78, 0x48, 0x52, 0xa4, 0xff, 0xf7, 0xff, 0x4c,
    0x0, 0x6e, 0xff, 0xff, 0xff, 0xff, 0xff, 0xff,
    0xb2, 0xe9, 0xff, 0x36, 0x0, 0x0, 0x45, 0xb7,
    0xed, 0xf7, 0xd3, 0x6e, 0xa, 0xef, 0x91, 0x0,

    /* U+0065 "e" */
    0x0, 0x0, 0xe, 0x80, 0xd3, 0xf5, 0xed, 0xc0,
    0x5e, 0x1, 0x0, 0x0, 0x0, 0x26, 0xe2, 0xff,
    0xff, 0xff, 0xff, 0xff, 0xff, 0xb4, 0x5, 0x0,
    0x4, 0xd8, 0xff, 0xdc, 0x53, 0x1d, 0x29, 0x7b,
    0xfa, 0xff, 0x84, 0x0, 0x52, 0xff, 0xff, 0x26,
    0x0, 0x0, 0x0, 0x0, 0x7a, 0xff, 0xeb, 0x0,
    0x81, 0xff, 0xe5, 0x0, 0x0, 0x0, 0x0, 0x0,
    0x39, 0xff, 0xff, 0xf, 0x8c, 0xff, 0xfd, 0xe8,
    0xe8, 0xe8, 0xe8, 0xe8, 0xec, 0xff, 0xff, 0x14,
    0x8c, 0xff, 0xff, 0xff, 0xff, 0xff, 0xff, 0xff,
    0xff, 0xff, 0xca, 0x3, 0x8c, 0xff, 0xe0, 0x0,
    0x0, 0x0, 0x0, 0x0, 0x0, 0x0, 0x0, 0x0,
    0x85, 0xff, 0xf2, 0x0, 0x0, 0x0, 0x0, 0x0,
    0x2d, 0x87, 0x1d, 0x0, 0x5e, 0xff, 0xff, 0x42,
    0x0, 0x0, 0x0, 0x0, 0x88, 0xff, 0xb5, 0x0,
    0xb, 0xe9, 0xff, 0xe8, 0x60, 0x26, 0x2e, 0x7d,
    0xfa, 0xff, 0x9e, 0x0, 0x0, 0x38, 0xed, 0xff,
    0xff, 0xff, 0xff, 0xff, 0xff, 0xd2, 0x18, 0x0,
    0x0, 0x0, 0x17, 0x8b, 0xd8, 0xf6, 0xf1, 0xc5,
    0x6d, 0x8, 0x0, 0x0,

    /* U+0066 "f" */
    0x0, 0x0, 0x0, 0x1, 0x72, 0xd9, 0xf9, 0xe4,
    0x6d, 0x0, 0x0, 0x0, 0x0, 0x72, 0xff, 0xff,
    0xff, 0xff, 0xff, 0x17, 0x0, 0x0, 0x0, 0xeb,
    0xff, 0xd6, 0x4d, 0x47, 0x7f, 0x4, 0x0, 0x0,
    0x15, 0xff, 0xff, 0x65, 0x0, 0x0, 0x0, 0x0,
    0x0, 0x0, 0x20, 0xff, 0xff, 0x58, 0x0, 0x0,
    0x0, 0x0, 0x0, 0xb9, 0xff, 0xff, 0xff, 0xff,
    0xff, 0xff, 0x77, 0x0, 0x1f, 0xff, 0xff, 0xff,
    0xff, 0xff, 0xff, 0xd6, 0x1e, 0x0, 0x0, 0x0,
    0x20, 0xff, 0xff, 0x58, 0x0, 0x0, 0x0, 0x0,
    0x0, 0x0, 0x20, 0xff, 0xff, 0x58, 0x0, 0x0,
    0x0, 0x0, 0x0, 0x0, 0x20, 0xff, 0xff, 0x58,
    0x0, 0x0, 0x0, 0x0, 0x0, 0x0, 0x20, 0xff,
    0xff, 0x58, 0x0, 0x0, 0x0, 0x0, 0x0, 0x0,
    0x20, 0xff, 0xff, 0x58, 0x0, 0x0, 0x0, 0x0,
    0x0, 0x0, 0x20, 0xff, 0xff, 0x58, 0x0, 0x0,
    0x0, 0x0, 0x0, 0x0, 0x20, 0xff, 0xff, 0x58,
    0x0, 0x0, 0x0, 0x0, 0x0, 0x0, 0x20, 0xff,
    0xff, 0x58, 0x0, 0x0, 0x0, 0x0, 0x0, 0x0,
    0x20, 0xff, 0xff, 0x58, 0x0, 0x0, 0x0, 0x0,
    0x0, 0x0, 0x20, 0xff, 0xff, 0x4a, 0x0, 0x0,
    0x0, 0x0, 0x0, 0x0, 0x1f, 0xf0, 0xa6, 0x7,
    0x0, 0x0, 0x0, 0x0,

    /* U+0067 "g" */
    0x0, 0x0, 0x3d, 0xb1, 0xeb, 0xf5, 0xcd, 0x62,
    0x0, 0x90, 0xed, 0x3f, 0x0, 0x69, 0xfd, 0xff,
    0xff, 0xff, 0xff, 0xff, 0xab, 0xee, 0xff, 0x40,
    0x23, 0xfc, 0xff, 0xe4, 0x6b, 0x3b, 0x49, 0xa3,
    0xff, 0xf8, 0xff, 0x40, 0x7c, 0xff, 0xff, 0x2f,
    0x0, 0x0, 0x0, 0x0, 0x92, 0xff, 0xff, 0x40,
    0x9c, 0xff, 0xe9, 0x0, 0x0, 0x0, 0x0, 0x0,
    0x3f, 0xff, 0xff, 0x40, 0xa0, 0xff, 0xe0, 0x0,
    0x0, 0x0, 0x0, 0x0, 0x38, 0xff, 0xff, 0x40,
    0xa0, 0xff, 0xe0, 0x0, 0x0, 0x0, 0x0, 0x0,
    0x38, 0xff, 0xff, 0x40, 0xa0, 0xff, 0xe0, 0x0,
    0x0, 0x0, 0x0, 0x0, 0x38, 0xff, 0xff, 0x40,
    0x9c, 0xff, 0xe9, 0x0, 0x0, 0x0, 0x0, 0x0,
    0x40, 0xff, 0xff, 0x40, 0x7f, 0xff, 0xff, 0x31,
    0x0, 0x0, 0x0, 0x0, 0x95, 0xff, 0xff, 0x40,
    0x2a, 0xfe, 0xff, 0xe6, 0x6b, 0x3b, 0x4a, 0xa5,
    0xff, 0xff, 0xff, 0x40, 0x0, 0x76, 0xff, 0xff,
    0xff, 0xff, 0xff, 0xff, 0xdc, 0xf3, 0xff, 0x40,
    0x0, 0x0, 0x45, 0xb6, 0xec, 0xf7, 0xcd, 0x6f,
    0x4f, 0xff, 0xff, 0x3e, 0x0, 0x13, 0x26, 0x0,
    0x0, 0x0, 0x0, 0x0, 0x56, 0xff, 0xff, 0x26,
    0x17, 0xf3, 0xd3, 0x3, 0x0, 0x0, 0x0, 0x0,
    0x97, 0xff, 0xe7, 0x4, 0x1e, 0xff, 0xff, 0xb3,
    0x3e, 0x1c, 0x2e, 0x83, 0xfd, 0xff, 0x74, 0x0,
    0x0, 0x88, 0xff, 0xff, 0xff, 0xff, 0xff, 0xff,
    0xff, 0xa4, 0x1, 0x0, 0x0, 0x0, 0x46, 0xad,
    0xe5, 0xfa, 0xea, 0xb9, 0x55, 0x0, 0x0, 0x0,

    /* U+0068 "h" */
    0x0, 0x8b, 0xeb, 0x27, 0x0, 0x0, 0x0, 0x0,
    0x0, 0x0, 0x0, 0x0, 0x3d, 0xff, 0xff, 0x28,
    0x0, 0x0, 0x0, 0x0, 0x0, 0x0, 0x0, 0x0,
    0x57, 0xff, 0xff, 0x28, 0x0, 0x0, 0x0, 0x0,
    0x0, 0x0, 0x0, 0x0, 0x58, 0xff, 0xff, 0x28,
    0x0, 0x0, 0x0, 0x0, 0x0, 0x0, 0x0, 0x0,
    0x58, 0xff, 0xff, 0x28, 0x0, 0x0, 0x0, 0x0,
    0x0, 0x0, 0x0, 0x0, 0x58, 0xff, 0xff, 0x28,
    0x3a, 0xaf, 0xea, 0xf7, 0xd0, 0x64, 0x0, 0x0,
    0x58, 0xff, 0xfa, 0x8e, 0xfd, 0xff, 0xff, 0xff,
    0xff, 0xff, 0x89, 0x0, 0x58, 0xff, 0xea, 0xff,
    0xce, 0x60, 0x40, 0x6b, 0xe9, 0xff, 0xfd, 0x25,
    0x58, 0xff, 0xff, 0xbd, 0x5, 0x0, 0x0, 0x0,
    0x44, 0xff, 0xff, 0x69, 0x58, 0xff, 0xff, 0x41,
    0x0, 0x0, 0x0, 0x0, 0x5, 0xfc, 0xff, 0x7e,
    0x58, 0xff, 0xff, 0x28, 0x0, 0x0, 0x0, 0x0,
    0x0, 0xf8, 0xff, 0x80, 0x58, 0xff, 0xff, 0x28,
    0x0, 0x0, 0x0, 0x0, 0x0, 0xf8, 0xff, 0x80,
    0x58, 0xff, 0xff, 0x28, 0x0, 0x0, 0x0, 0x0,
    0x0, 0xf8, 0xff, 0x80, 0x58, 0xff, 0xff, 0x28,
    0x0, 0x0, 0x0, 0x0, 0x0, 0xf8, 0xff, 0x80,
    0x58, 0xff, 0xff, 0x28, 0x0, 0x0, 0x0, 0x0,
    0x0, 0xf8, 0xff, 0x80, 0x58, 0xff, 0xff, 0x28,
    0x0, 0x0, 0x0, 0x0, 0x0, 0xf8, 0xff, 0x80,
    0x58, 0xff, 0xff, 0x1a, 0x0, 0x0, 0x0, 0x0,
    0x0, 0xf8, 0xff, 0x72, 0x56, 0xe9, 0x86, 0x0,
    0x0, 0x0, 0x0, 0x0, 0x0, 0xec, 0xbd, 0x17,

    /* U+0069 "i" */
    0x6, 0xb1, 0xf4, 0x9b, 0x0, 0x49, 0xff, 0xff,
    0xff, 0x29, 0x21, 0xf7, 0xff, 0xea, 0xd, 0x0,
    0x26, 0x60, 0x1d, 0x0, 0x0, 0x0, 0x0, 0x0,
    0x0, 0x0, 0x45, 0xd6, 0xa6, 0x0, 0x0, 0xbf,
    0xff, 0xac, 0x0, 0x0, 0xcc, 0xff, 0xac, 0x0,
    0x0, 0xcc, 0xff, 0xac, 0x0, 0x0, 0xcc, 0xff,
    0xac, 0x0, 0x0, 0xcc, 0xff, 0xac, 0x0, 0x0,
    0xcc, 0xff, 0xac, 0x0, 0x0, 0xcc, 0xff, 0xac,
    0x0, 0x0, 0xcc, 0xff, 0xac, 0x0, 0x0, 0xcc,
    0xff, 0xac, 0x0, 0x0, 0xcc, 0xff, 0xac, 0x0,
    0x0, 0xcc, 0xff, 0x9e, 0x0, 0x0, 0xc4, 0xcd,
    0x2f, 0x0,

    /* U+006A "j" */
    0x0, 0x0, 0x0, 0x0, 0x16, 0xc8, 0xf2, 0x7b,
    0x0, 0x0, 0x0, 0x0, 0x0, 0x71, 0xff, 0xff,
    0xfd, 0x7, 0x0, 0x0, 0x0, 0x0, 0x41, 0xfe,
    0xff, 0xd4, 0x0, 0x0, 0x0, 0x0, 0x0, 0x0,
    0x35, 0x5e, 0x11, 0x0, 0x0, 0x0, 0x0, 0x0,
    0x0, 0x0, 0x0, 0x0, 0x0, 0x0, 0x0, 0x0,
    0x0, 0x0, 0x61, 0xe0, 0x84, 0x0, 0x0, 0x0,
    0x0, 0x0, 0x0, 0xe7, 0xff, 0x88, 0x0, 0x0,
    0x0, 0x0, 0x0, 0x0, 0xf4, 0xff, 0x88, 0x0,
    0x0, 0x0, 0x0, 0x0, 0x0, 0xf4, 0xff, 0x88,
    0x0, 0x0, 0x0, 0x0, 0x0, 0x0, 0xf4, 0xff,
    0x88, 0x0, 0x0, 0x0, 0x0, 0x0, 0x0, 0xf4,
    0xff, 0x88, 0x0, 0x0, 0x0, 0x0, 0x0, 0x0,
    0xf4, 0xff, 0x88, 0x0, 0x0, 0x0, 0x0, 0x0,
    0x0, 0xf4, 0xff, 0x88, 0x0, 0x0, 0x0, 0x0,
    0x0, 0x0, 0xf4, 0xff, 0x88, 0x0, 0x0, 0x0,
    0x0, 0x0, 0x0, 0xf4, 0xff, 0x88, 0x0, 0x0,
    0x0, 0x0, 0x0, 0x0, 0xf4, 0xff, 0x88, 0x0,
    0x0, 0x0, 0x0, 0x0, 0x0, 0xf4, 0xff, 0x88,
    0x0, 0x0, 0x0, 0x0, 0x0, 0x0, 0xf4, 0xff,
    0x88, 0x0, 0x0, 0x0, 0x0, 0x0, 0x0, 0xf4,
    0xff, 0x87, 0x0, 0x0, 0x0, 0x0, 0x0, 0x11,
    0xff, 0xff, 0x7a, 0x0, 0xe, 0xb6, 0x58, 0x44,
    0xb1, 0xff, 0xff, 0x3d, 0x0, 0x12, 0xfa, 0xff,
    0xff, 0xff, 0xff, 0xb0, 0x0, 0x0, 0x0, 0x50,
    0xd6, 0xf9, 0xe0, 0x85, 0x7, 0x0, 0x0,

    /* U+006B "k" */
    0x1, 0x91, 0xec, 0x26, 0x0, 0x0, 0x0, 0x0,
    0x0, 0x0, 0x0, 0x0, 0x40, 0xff, 0xff, 0x26,
    0x0, 0x0, 0x0, 0x0, 0x0, 0x0, 0x0, 0x0,
    0x58, 0xff, 0xff, 0x25, 0x0, 0x0, 0x0, 0x0,
    0x0, 0x0, 0x0, 0x0, 0x58, 0xff, 0xff, 0x24,
    0x0, 0x0, 0x0, 0x0, 0x0, 0x0, 0x0, 0x0,
    0x58, 0xff, 0xff, 0x24, 0x0, 0x0, 0x0, 0x0,
    0x0, 0x0, 0x0, 0x0, 0x58, 0xff, 0xff, 0x23,
    0x0, 0x0, 0x0, 0x0, 0x71, 0x7e, 0x0, 0x0,
    0x58, 0xff, 0xff, 0x22, 0x0, 0x0, 0x1, 0x8a,
    0xff, 0xe1, 0x0, 0x0, 0x58, 0xff, 0xff, 0x21,
    0x0, 0x4, 0xa1, 0xff, 0xf7, 0x49, 0x0, 0x0,
    0x58, 0xff, 0xff, 0x21, 0xa, 0xb5, 0xff, 0xf0,
    0x3e, 0x0, 0x0, 0x0, 0x58, 0xff, 0xff, 0x33,
    0xc7, 0xff, 0xe7, 0x2f, 0x0, 0x0, 0x0, 0x0,
    0x58, 0xff, 0xff, 0xe6, 0xff, 0xff, 0xbd, 0x1,
    0x0, 0x0, 0x0, 0x0, 0x58, 0xff, 0xff, 0xff,
    0xc8, 0xef, 0xff, 0x69, 0x0, 0x0, 0x0, 0x0,
    0x58, 0xff, 0xff, 0xb4, 0xa, 0x64, 0xff, 0xf3,
    0x21, 0x0, 0x0, 0x0, 0x58, 0xff, 0xff, 0x20,
    0x0, 0x0, 0xbd, 0xff, 0xc0, 0x1, 0x0, 0x0,
    0x58, 0xff, 0xff, 0x20, 0x0, 0x0, 0x22, 0xf5,
    0xff, 0x6f, 0x0, 0x0, 0x58, 0xff, 0xff, 0x20,
    0x0, 0x0, 0x0, 0x72, 0xff, 0xf5, 0x25, 0x0,
    0x58, 0xff, 0xff, 0x13, 0x0, 0x0, 0x0, 0x2,
    0xc8, 0xff, 0xc5, 0x2, 0x56, 0xe8, 0x7e, 0x0,
    0x0, 0x0, 0x0, 0x0, 0x24, 0xda, 0xe0, 0x21,

    /* U+006C "l" */
    0xb, 0xad, 0xf1, 0x1f, 0x0, 0x0, 0x0, 0x53,
    0xff, 0xff, 0x20, 0x0, 0x0, 0x0, 0x60, 0xff,
    0xff, 0x20, 0x0, 0x0, 0x0, 0x60, 0xff, 0xff,
    0x20, 0x0, 0x0, 0x0, 0x60, 0xff, 0xff, 0x20,
    0x0, 0x0, 0x0, 0x60, 0xff, 0xff, 0x20, 0x0,
    0x0, 0x0, 0x60, 0xff, 0xff, 0x20, 0x0, 0x0,
    0x0, 0x60, 0xff, 0xff, 0x20, 0x0, 0x0, 0x0,
    0x60, 0xff, 0xff, 0x20, 0x0, 0x0, 0x0, 0x60,
    0xff, 0xff, 0x20, 0x0, 0x0, 0x0, 0x60, 0xff,
    0xff, 0x20, 0x0, 0x0, 0x0, 0x60, 0xff, 0xff,
    0x20, 0x0, 0x0, 0x0, 0x60, 0xff, 0xff, 0x20,
    0x0, 0x0, 0x0, 0x60, 0xff, 0xff, 0x20, 0x0,
    0x0, 0x0, 0x51, 0xff, 0xff, 0x31, 0x0, 0x0,
    0x0, 0x26, 0xff, 0xff, 0xb8, 0x47, 0x56, 0x75,
    0x0, 0xad, 0xff, 0xff, 0xff, 0xff, 0xd9, 0x0,
    0xd, 0x96, 0xe7, 0xf9, 0xd1, 0x3e,

    /* U+006D "m" */
    0x1, 0x97, 0xef, 0x9, 0x74, 0xde, 0xf6, 0xc6,
    0x38, 0x0, 0x19, 0x9e, 0xe8, 0xf7, 0xc6, 0x3b,
    0x0, 0x40, 0xff, 0xf4, 0xa5, 0xff, 0xff, 0xff,
    0xff, 0xf1, 0x33, 0xe5, 0xff, 0xff, 0xff, 0xff,
    0xf7, 0x22, 0x57, 0xff, 0xea, 0xfb, 0x82, 0x3a,
    0x66, 0xf6, 0xff, 0xf8, 0xf3, 0x72, 0x37, 0x72,
    0xfd, 0xff, 0x9e, 0x58, 0xff, 0xff, 0x83, 0x0,
    0x0, 0x0, 0x96, 0xff, 0xff, 0x62, 0x0, 0x0,
    0x0, 0xb3, 0xff, 0xd4, 0x58, 0xff, 0xff, 0x31,
    0x0, 0x0, 0x0, 0x6c, 0xff, 0xff, 0x17, 0x0,
    0x0, 0x0, 0x8c, 0xff, 0xf1, 0x58, 0xff, 0xff,
    0x20, 0x0, 0x0, 0x0, 0x68, 0xff, 0xff, 0x8,
    0x0, 0x0, 0x0, 0x88, 0xff, 0xf4, 0x58, 0xff,
    0xff, 0x20, 0x0, 0x0, 0x0, 0x68, 0xff, 0xff,
    0x8, 0x0, 0x0, 0x0, 0x88, 0xff, 0xf4, 0x58,
    0xff, 0xff, 0x20, 0x0, 0x0, 0x0, 0x68, 0xff,
    0xff, 0x8, 0x0, 0x0, 0x0, 0x88, 0xff, 0xf4,
    0x58, 0xff, 0xff, 0x20, 0x0, 0x0, 0x0, 0x68,
    0xff, 0xff, 0x8, 0x0, 0x0, 0x0, 0x88, 0xff,
    0xf4, 0x58, 0xff, 0xff, 0x20, 0x0, 0x0, 0x0,
    0x68, 0xff, 0xff, 0x8, 0x0, 0x0, 0x0, 0x88,
    0xff, 0xf4, 0x58, 0xff, 0xff, 0x20, 0x0, 0x0,
    0x0, 0x68, 0xff, 0xff, 0x8, 0x0, 0x0, 0x0,
    0x88, 0xff, 0xf4, 0x58, 0xff, 0xff, 0x13, 0x0,
    0x0, 0x0, 0x68, 0xff, 0xf8, 0x3, 0x0, 0x0,
    0x0, 0x88, 0xff, 0xe6, 0x56, 0xe9, 0x82, 0x0,
    0x0, 0x0, 0x0, 0x66, 0xe6, 0x70, 0x0, 0x0,
    0x0, 0x0, 0x84, 0xe0, 0x5e,

    /* U+006E "n" */
    0x1, 0x96, 0xee, 0xb, 0x42, 0xb3, 0xeb, 0xf7,
    0xd0, 0x64, 0x0, 0x0, 0x3f, 0xff, 0xf5, 0x8d,
    0xff, 0xff, 0xff, 0xff, 0xff, 0xff, 0x89, 0x0,
    0x57, 0xff, 0xea, 0xff, 0xce, 0x60, 0x40, 0x6b,
    0xe9, 0xff, 0xfd, 0x25, 0x58, 0xff, 0xff, 0xbd,
    0x5, 0x0, 0x0, 0x0, 0x44, 0xff, 0xff, 0x69,
    0x58, 0xff, 0xff, 0x41, 0x0, 0x0, 0x0, 0x0,
    0x5, 0xfc, 0xff, 0x7e, 0x58, 0xff, 0xff, 0x28,
    0x0, 0x0, 0x0, 0x0, 0x0, 0xf8, 0xff, 0x80,
    0x58, 0xff, 0xff, 0x28, 0x0, 0x0, 0x0, 0x0,
    0x0, 0xf8, 0xff, 0x80, 0x58, 0xff, 0xff, 0x28,
    0x0, 0x0, 0x0, 0x0, 0x0, 0xf8, 0xff, 0x80,
    0x58, 0xff, 0xff, 0x28, 0x0, 0x0, 0x0, 0x0,
    0x0, 0xf8, 0xff, 0x80, 0x58, 0xff, 0xff, 0x28,
    0x0, 0x0, 0x0, 0x0, 0x0, 0xf8, 0xff, 0x80,
    0x58, 0xff, 0xff, 0x28, 0x0, 0x0, 0x0, 0x0,
    0x0, 0xf8, 0xff, 0x80, 0x58, 0xff, 0xff, 0x1a,
    0x0, 0x0, 0x0, 0x0, 0x0, 0xf8, 0xff, 0x72,
    0x56, 0xe9, 0x86, 0x0, 0x0, 0x0, 0x0, 0x0,
    0x0, 0xec, 0xbd, 0x17,

    /* U+006F "o" */
    0x0, 0x0, 0x3a, 0xa5, 0xe3, 0xf8, 0xe7, 0xb2,
    0x4c, 0x0, 0x0, 0x0, 0x0, 0x80, 0xfe, 0xff,
    0xff, 0xff, 0xff, 0xff, 0xff, 0xa0, 0x2, 0x0,
    0x51, 0xff, 0xff, 0xcd, 0x5b, 0x39, 0x52, 0xbb,
    0xff, 0xff, 0x76, 0x0, 0xbe, 0xff, 0xd9, 0x9,
    0x0, 0x0, 0x0, 0x1, 0xbb, 0xff, 0xe7, 0x0,
    0xe5, 0xff, 0x8d, 0x0, 0x0, 0x0, 0x0, 0x0,
    0x66, 0xff, 0xff, 0x10, 0xec, 0xff, 0x80, 0x0,
    0x0, 0x0, 0x0, 0x0, 0x58, 0xff, 0xff, 0x18,
    0xec, 0xff, 0x80, 0x0, 0x0, 0x0, 0x0, 0x0,
    0x58, 0xff, 0xff, 0x18, 0xec, 0xff, 0x80, 0x0,
    0x0, 0x0, 0x0, 0x0, 0x58, 0xff, 0xff, 0x18,
    0xe8, 0xff, 0x8a, 0x0, 0x0, 0x0, 0x0, 0x0,
    0x62, 0xff, 0xff, 0x13, 0xc6, 0xff, 0xd3, 0x7,
    0x0, 0x0, 0x0, 0x0, 0xb2, 0xff, 0xf0, 0x0,
    0x5f, 0xff, 0xff, 0xc8, 0x5b, 0x3c, 0x53, 0xb3,
    0xff, 0xff, 0x87, 0x0, 0x0, 0x8f, 0xff, 0xff,
    0xff, 0xff, 0xff, 0xff, 0xff, 0xb1, 0x6, 0x0,
    0x0, 0x0, 0x42, 0xab, 0xe5, 0xf9, 0xe9, 0xb7,
    0x57, 0x0, 0x0, 0x0,

    /* U+0070 "p" */
    0x1, 0x96, 0xee, 0x4, 0x74, 0xd4, 0xf7, 0xef,
    0xb9, 0x44, 0x0, 0x0, 0x43, 0xff, 0xe7, 0xbd,
    0xff, 0xff, 0xff, 0xff, 0xff, 0xfe, 0x6c, 0x0,
    0x58, 0xff, 0xf9, 0xfd, 0x99, 0x4d, 0x45, 0x79,
    0xed, 0xff, 0xf9, 0x1d, 0x58, 0xff, 0xff, 0x7a,
    0x0, 0x0, 0x0, 0x0, 0x42, 0xff, 0xff, 0x65,
    0x58, 0xff, 0xff, 0x2d, 0x0, 0x0, 0x0, 0x0,
    0x2, 0xf9, 0xff, 0x7d, 0x58, 0xff, 0xff, 0x28,
    0x0, 0x0, 0x0, 0x0, 0x0, 0xf4, 0xff, 0x80,
    0x58, 0xff, 0xff, 0x28, 0x0, 0x0, 0x0, 0x0,
    0x0, 0xf4, 0xff, 0x80, 0x58, 0xff, 0xff, 0x28,
    0x0, 0x0, 0x0, 0x0, 0x0, 0xf4, 0xff, 0x80,
    0x58, 0xff, 0xff, 0x2d, 0x0, 0x0, 0x0, 0x0,
    0x2, 0xf9, 0xff, 0x7e, 0x58, 0xff, 0xff, 0x7a,
    0x0, 0x0, 0x0, 0x0, 0x44, 0xff, 0xff, 0x64,
    0x58, 0xff, 0xff, 0xfc, 0x97, 0x4f, 0x48, 0x7c,
    0xee, 0xff, 0xf7, 0x1a, 0x58, 0xff, 0xee, 0xe4,
    0xff, 0xff, 0xff, 0xff, 0xff, 0xfd, 0x62, 0x0,
    0x58, 0xff, 0xff, 0x3b, 0x85, 0xdc, 0xfa, 0xea,
    0xae, 0x38, 0x0, 0x0, 0x58, 0xff, 0xff, 0x2c,
    0x0, 0x0, 0x0, 0x0, 0x0, 0x0, 0x0, 0x0,
    0x58, 0xff, 0xff, 0x2c, 0x0, 0x0, 0x0, 0x0,
    0x0, 0x0, 0x0, 0x0, 0x58, 0xff, 0xff, 0x2c,
    0x0, 0x0, 0x0, 0x0, 0x0, 0x0, 0x0, 0x0,
    0x58, 0xff, 0xff, 0x19, 0x0, 0x0, 0x0, 0x0,
    0x0, 0x0, 0x0, 0x0, 0x56, 0xe7, 0x79, 0x0,
    0x0, 0x0, 0x0, 0x0, 0x0, 0x0, 0x0, 0x0,

    /* U+0071 "q" */
    0x0, 0x0, 0x41, 0xb3, 0xeb, 0xf5, 0xcd, 0x62,
    0x0, 0x90, 0xed, 0x3f, 0x0, 0x72, 0xfe, 0xff,
    0xff, 0xff, 0xff, 0xff, 0xab, 0xee, 0xff, 0x40,
    0x2a, 0xfe, 0xff, 0xe5, 0x71, 0x43, 0x50, 0xa6,
    0xff, 0xf8, 0xff, 0x40, 0x80, 0xff, 0xff, 0x2c,
    0x0, 0x0, 0x0, 0x0, 0x8e, 0xff, 0xff, 0x40,
    0x9d, 0xff, 0xe7, 0x0, 0x0, 0x0, 0x0, 0x0,
    0x3d, 0xff, 0xff, 0x40, 0xa0, 0xff, 0xe0, 0x0,
    0x0, 0x0, 0x0, 0x0, 0x38, 0xff, 0xff, 0x40,
    0xa0, 0xff, 0xe0, 0x0, 0x0, 0x0, 0x0, 0x0,
    0x38, 0xff, 0xff, 0x40, 0xa0, 0xff, 0xe0, 0x0,
    0x0, 0x0, 0x0, 0x0, 0x38, 0xff, 0xff, 0x40,
    0x9e, 0xff, 0xe7, 0x0, 0x0, 0x0, 0x0, 0x0,
    0x3e, 0xff, 0xff, 0x40, 0x87, 0xff, 0xff, 0x2e,
    0x0, 0x0, 0x0, 0x0, 0x93, 0xff, 0xff, 0x40,
    0x37, 0xff, 0xff, 0xe6, 0x74, 0x46, 0x55, 0xac,
    0xff, 0xff, 0xff, 0x40, 0x0, 0x8c, 0xff, 0xff,
    0xff, 0xff, 0xff, 0xff, 0xdb, 0xf1, 0xff, 0x40,
    0x0, 0x0, 0x55, 0xc0, 0xf1, 0xf7, 0xcd, 0x6e,
    0x4e, 0xff, 0xff, 0x40, 0x0, 0x0, 0x0, 0x0,
    0x0, 0x0, 0x0, 0x0, 0x48, 0xff, 0xff, 0x40,
    0x0, 0x0, 0x0, 0x0, 0x0, 0x0, 0x0, 0x0,
    0x48, 0xff, 0xff, 0x40, 0x0, 0x0, 0x0, 0x0,
    0x0, 0x0, 0x0, 0x0, 0x48, 0xff, 0xff, 0x40,
    0x0, 0x0, 0x0, 0x0, 0x0, 0x0, 0x0, 0x0,
    0x48, 0xff, 0xff, 0x2d, 0x0, 0x0, 0x0, 0x0,
    0x0, 0x0, 0x0, 0x0, 0x47, 0xea, 0x88, 0x0,

    /* U+0072 "r" */
    0x1, 0x96, 0xee, 0xd, 0x6b, 0xd4, 0xf6, 0xca,
    0x1c, 0x3f, 0xff, 0xf1, 0xab, 0xff, 0xff, 0xff,
    0xff, 0x7e, 0x57, 0xff, 0xeb, 0xff, 0xca, 0x5e,
    0x3f, 0x5a, 0x3b, 0x58, 0xff, 0xff, 0xba, 0x2,
    0x0, 0x0, 0x0, 0x0, 0x58, 0xff, 0xff, 0x46,
    0x0, 0x0, 0x0, 0x0, 0x0, 0x58, 0xff, 0xff,
    0x28, 0x0, 0x0, 0x0, 0x0, 0x0, 0x58, 0xff,
    0xff, 0x28, 0x0, 0x0, 0x0, 0x0, 0x0, 0x58,
    0xff, 0xff, 0x28, 0x0, 0x0, 0x0, 0x0, 0x0,
    0x58, 0xff, 0xff, 0x28, 0x0, 0x0, 0x0, 0x0,
    0x0, 0x58, 0xff, 0xff, 0x28, 0x0, 0x0, 0x0,
    0x0, 0x0, 0x58, 0xff, 0xff, 0x28, 0x0, 0x0,
    0x0, 0x0, 0x0, 0x58, 0xff, 0xff, 0x1a, 0x0,
    0x0, 0x0, 0x0, 0x0, 0x56, 0xe9, 0x86, 0x0,
    0x0, 0x0, 0x0, 0x0, 0x0,

    /* U+0073 "s" */
    0x0, 0x7, 0x71, 0xc9, 0xf1, 0xf9, 0xe2, 0xaa,
    0x45, 0x0, 0x0, 0x9, 0xc7, 0xff, 0xff, 0xff,
    0xff, 0xff, 0xff, 0xff, 0x83, 0x0, 0x6c, 0xff,
    0xfa, 0x6b, 0x12, 0x6, 0x2f, 0xb5, 0xff, 0xfe,
    0x14, 0x97, 0xff, 0xc9, 0x0, 0x0, 0x0, 0x0,
    0x6, 0xe4, 0xe7, 0xe, 0x74, 0xff, 0xfa, 0x6d,
    0xc, 0x0, 0x0, 0x0, 0x1f, 0x9, 0x0, 0x11,
    0xd9, 0xff, 0xff, 0xf9, 0xbf, 0x80, 0x34, 0x0,
    0x0, 0x0, 0x0, 0xd, 0x7b, 0xd7, 0xff, 0xff,
    0xff, 0xff, 0xcc, 0x37, 0x0, 0x0, 0x0, 0x0,
    0x0, 0x1c, 0x5d, 0xa6, 0xf6, 0xff, 0xf7, 0x2e,
    0x17, 0x7a, 0xd, 0x0, 0x0, 0x0, 0x0, 0x20,
    0xea, 0xff, 0x97, 0x9b, 0xff, 0x6c, 0x0, 0x0,
    0x0, 0x0, 0x0, 0xba, 0xff, 0xb0, 0x82, 0xff,
    0xf9, 0x79, 0x21, 0xa, 0x1e, 0x73, 0xfa, 0xff,
    0x82, 0x11, 0xd4, 0xff, 0xff, 0xff, 0xff, 0xff,
    0xff, 0xff, 0xd3, 0x10, 0x0, 0xb, 0x73, 0xc5,
    0xef, 0xfc, 0xef, 0xc5, 0x74, 0xa, 0x0,

    /* U+0074 "t" */
    0x0, 0x0, 0x0, 0x31, 0xce, 0xb8, 0x0, 0x0,
    0x0, 0x0, 0x0, 0x0, 0x0, 0xa0, 0xff, 0xc0,
    0x0, 0x0, 0x0, 0x0, 0x0, 0x0, 0x0, 0xac,
    0xff, 0xc0, 0x0, 0x0, 0x0, 0x0, 0x0, 0x0,
    0x0, 0xac, 0xff, 0xc0, 0x0, 0x0, 0x0, 0x0,
    0x0, 0x9e, 0xfc, 0xff, 0xff, 0xff, 0xff, 0xff,
    0xfd, 0x6, 0x11, 0xff, 0xff, 0xff, 0xff, 0xff,
    0xff, 0xf8, 0x8c, 0x0, 0x0, 0x0, 0x0, 0xb8,
    0xff, 0xcc, 0x0, 0x0, 0x0, 0x0, 0x0, 0x0,
    0x0, 0xb8, 0xff, 0xcc, 0x0, 0x0, 0x0, 0x0,
    0x0, 0x0, 0x0, 0xb8, 0xff, 0xcc, 0x0, 0x0,
    0x0, 0x0, 0x0, 0x0, 0x0, 0xb8, 0xff, 0xcc,
    0x0, 0x0, 0x0, 0x0, 0x0, 0x0, 0x0, 0xb8,
    0xff, 0xcc, 0x0, 0x0, 0x0, 0x0, 0x0, 0x0,
    0x0, 0xb8, 0xff, 0xcc, 0x0, 0x0, 0x0, 0x0,
    0x0, 0x0, 0x0, 0xb8, 0xff, 0xcc, 0x0, 0x0,
    0x0, 0x0, 0x0, 0x0, 0x0, 0xa8, 0xff, 0xdc,
    0x0, 0x0, 0x0, 0x0, 0x0, 0x0, 0x0, 0x7f,
    0xff, 0xff, 0x79, 0x45, 0x77, 0x37, 0x0, 0x0,
    0x0, 0x18, 0xf4, 0xff, 0xff, 0xff, 0xff, 0x6c,
    0x0, 0x0, 0x0, 0x0, 0x3c, 0xc4, 0xf7, 0xef,
    0xa2, 0xa,

    /* U+0075 "u" */
    0x22, 0xc5, 0xe1, 0x0, 0x0, 0x0, 0x0, 0x0,
    0x2, 0x96, 0xed, 0x3f, 0x87, 0xff, 0xec, 0x0,
    0x0, 0x0, 0x0, 0x0, 0x2c, 0xff, 0xff, 0x40,
    0x94, 0xff, 0xec, 0x0, 0x0, 0x0, 0x0, 0x0,
    0x38, 0xff, 0xff, 0x40, 0x94, 0xff, 0xec, 0x0,
    0x0, 0x0, 0x0, 0x0, 0x38, 0xff, 0xff, 0x40,
    0x94, 0xff, 0xec, 0x0, 0x0, 0x0, 0x0, 0x0,
    0x38, 0xff, 0xff, 0x40, 0x94, 0xff, 0xec, 0x0,
    0x0, 0x0, 0x0, 0x0, 0x38, 0xff, 0xff, 0x40,
    0x94, 0xff, 0xec, 0x0, 0x0, 0x0, 0x0, 0x0,
    0x38, 0xff, 0xff, 0x40, 0x94, 0xff, 0xec, 0x0,
    0x0, 0x0, 0x0, 0x0, 0x38, 0xff, 0xff, 0x40,
    0x8f, 0xff, 0xf5, 0x1, 0x0, 0x0, 0x0, 0x0,
    0x58, 0xff, 0xff, 0x40, 0x71, 0xff, 0xff, 0x3b,
    0x0, 0x0, 0x0, 0x6, 0xc9, 0xff, 0xff, 0x40,
    0x20, 0xfc, 0xff, 0xe8, 0x6f, 0x45, 0x64, 0xd3,
    0xfe, 0xeb, 0xff, 0x3f, 0x0, 0x74, 0xff, 0xff,
    0xff, 0xff, 0xff, 0xfe, 0x91, 0xfb, 0xff, 0x25,
    0x0, 0x0, 0x51, 0xc3, 0xf2, 0xef, 0xb9, 0x42,
    0x27, 0xeb, 0x81, 0x0,

    /* U+0076 "v" */
    0xb7, 0xf1, 0x70, 0x0, 0x0, 0x0, 0x0, 0x0,
    0x0, 0x5f, 0xed, 0xd1, 0x0, 0x6a, 0xff, 0xf5,
    0xc, 0x0, 0x0, 0x0, 0x0, 0x5, 0xec, 0xff,
    0x85, 0x0, 0xf, 0xf6, 0xff, 0x5c, 0x0, 0x0,
    0x0, 0x0, 0x4f, 0xff, 0xfe, 0x22, 0x0, 0x0,
    0xa1, 0xff, 0xb8, 0x0, 0x0, 0x0, 0x0, 0xab,
    0xff, 0xbc, 0x0, 0x0, 0x0, 0x3d, 0xff, 0xfc,
    0x17, 0x0, 0x0, 0x10, 0xf8, 0xff, 0x58, 0x0,
    0x0, 0x0, 0x0, 0xd7, 0xff, 0x6f, 0x0, 0x0,
    0x65, 0xff, 0xec, 0x7, 0x0, 0x0, 0x0, 0x0,
    0x74, 0xff, 0xca, 0x0, 0x0, 0xc1, 0xff, 0x8f,
    0x0, 0x0, 0x0, 0x0, 0x0, 0x15, 0xf9, 0xff,
    0x26, 0x1f, 0xfe, 0xff, 0x2b, 0x0, 0x0, 0x0,
    0x0, 0x0, 0x0, 0xab, 0xff, 0x81, 0x7a, 0xff,
    0xc6, 0x0, 0x0, 0x0, 0x0, 0x0, 0x0, 0x0,
    0x46, 0xff, 0xd2, 0xd6, 0xff, 0x61, 0x0, 0x0,
    0x0, 0x0, 0x0, 0x0, 0x0, 0x1, 0xdf, 0xde,
    0xff, 0xf2, 0xb, 0x0, 0x0, 0x0, 0x0, 0x0,
    0x0, 0x0, 0x0, 0x7d, 0xff, 0xff, 0x98, 0x0,
    0x0, 0x0, 0x0, 0x0, 0x0, 0x0, 0x0, 0x0,
    0x14, 0xd4, 0xdd, 0x22, 0x0, 0x0, 0x0, 0x0,
    0x0,

    /* U+0077 "w" */
    0xc3, 0xf1, 0x5d, 0x0, 0x0, 0x0, 0x0, 0xa8,
    0xe9, 0x39, 0x0, 0x0, 0x0, 0xf, 0xca, 0xf9,
    0x43, 0x93, 0xff, 0xd3, 0x0, 0x0, 0x0, 0x24,
    0xff, 0xff, 0xa2, 0x0, 0x0, 0x0, 0x5c, 0xff,
    0xfc, 0x11, 0x4d, 0xff, 0xfe, 0x14, 0x0, 0x0,
    0x6b, 0xfb, 0xf1, 0xe6, 0x0, 0x0, 0x0, 0x9d,
    0xff, 0xc8, 0x0, 0xc, 0xfa, 0xff, 0x51, 0x0,
    0x0, 0xb3, 0xff, 0xc6, 0xff, 0x2c, 0x0, 0x0,
    0xdc, 0xff, 0x82, 0x0, 0x0, 0xc1, 0xff, 0x8f,
    0x0, 0x6, 0xf3, 0xdd, 0x68, 0xff, 0x72, 0x0,
    0x1b, 0xff, 0xff, 0x3c, 0x0, 0x0, 0x7b, 0xff,
    0xce, 0x0, 0x42, 0xff, 0x96, 0x24, 0xff, 0xb7,
    0x0, 0x5b, 0xff, 0xf1, 0x4, 0x0, 0x0, 0x35,
    0xff, 0xfd, 0xf, 0x89, 0xff, 0x4f, 0x0, 0xdf,
    0xf5, 0x7, 0x9b, 0xff, 0xb0, 0x0, 0x0, 0x0,
    0x2, 0xec, 0xff, 0x4b, 0xd0, 0xfa, 0xd, 0x0,
    0x9a, 0xff, 0x41, 0xda, 0xff, 0x69, 0x0, 0x0,
    0x0, 0x0, 0xa8, 0xff, 0xa1, 0xfe, 0xc0, 0x0,
    0x0, 0x55, 0xff, 0xa1, 0xff, 0xff, 0x23, 0x0,
    0x0, 0x0, 0x0, 0x62, 0xff, 0xd7, 0xff, 0x79,
    0x0, 0x0, 0x12, 0xfd, 0xdc, 0xff, 0xdd, 0x0,
    0x0, 0x0, 0x0, 0x0, 0x1c, 0xff, 0xfe, 0xff,
    0x31, 0x0, 0x0, 0x0, 0xcc, 0xf7, 0xff, 0x97,
    0x0, 0x0, 0x0, 0x0, 0x0, 0x0, 0xcf, 0xff,
    0xe9, 0x1, 0x0, 0x0, 0x0, 0x87, 0xff, 0xff,
    0x4a, 0x0, 0x0, 0x0, 0x0, 0x0, 0x0, 0x35,
    0xd0, 0x9f, 0x0, 0x0, 0x0, 0x0, 0x42, 0xea,
    0x84, 0x1, 0x0, 0x0, 0x0,

    /* U+0078 "x" */
    0x32, 0xef, 0xe2, 0x42, 0x0, 0x0, 0x0, 0x0,
    0x34, 0xd8, 0xf3, 0x46, 0x0, 0xb0, 0xff, 0xe8,
    0x13, 0x0, 0x0, 0xc, 0xde, 0xff, 0xc3, 0x3,
    0x0, 0x15, 0xe8, 0xff, 0xa4, 0x0, 0x0, 0x96,
    0xff, 0xf1, 0x20, 0x0, 0x0, 0x0, 0x4c, 0xff,
    0xff, 0x4b, 0x42, 0xfe, 0xff, 0x5e, 0x0, 0x0,
    0x0, 0x0, 0x0, 0x99, 0xff, 0xcb, 0xdf, 0xff,
    0xaa, 0x0, 0x0, 0x0, 0x0, 0x0, 0x0, 0xb,
    0xda, 0xf4, 0xff, 0xe4, 0x11, 0x0, 0x0, 0x0,
    0x0, 0x0, 0x0, 0x0, 0xa6, 0xff, 0xff, 0xb5,
    0x0, 0x0, 0x0, 0x0, 0x0, 0x0, 0x0, 0x57,
    0xff, 0xfd, 0xfa, 0xff, 0x67, 0x0, 0x0, 0x0,
    0x0, 0x0, 0x1f, 0xf0, 0xff, 0x8b, 0x7b, 0xff,
    0xf6, 0x2a, 0x0, 0x0, 0x0, 0x3, 0xc4, 0xff,
    0xd6, 0x8, 0x3, 0xc9, 0xff, 0xd1, 0x7, 0x0,
    0x0, 0x81, 0xff, 0xfb, 0x34, 0x0, 0x0, 0x27,
    0xf6, 0xff, 0x93, 0x0, 0x3c, 0xfc, 0xff, 0x83,
    0x0, 0x0, 0x0, 0x0, 0x71, 0xff, 0xff, 0x4c,
    0x98, 0xf4, 0xab, 0x5, 0x0, 0x0, 0x0, 0x0,
    0x1, 0x9a, 0xf2, 0xae,

    /* U+0079 "y" */
    0xb4, 0xf1, 0x74, 0x0, 0x0, 0x0, 0x0, 0x0,
    0x0, 0x38, 0xdf, 0xf0, 0x10, 0x62, 0xff, 0xfc,
    0x1a, 0x0, 0x0, 0x0, 0x0, 0x0, 0xc1, 0xff,
    0xb1, 0x0, 0xa, 0xef, 0xff, 0x79, 0x0, 0x0,
    0x0, 0x0, 0x26, 0xff, 0xff, 0x49, 0x0, 0x0,
    0x92, 0xff, 0xdb, 0x1, 0x0, 0x0, 0x0, 0x8a,
    0xff, 0xde, 0x2, 0x0, 0x0, 0x2a, 0xff, 0xff,
    0x40, 0x0, 0x0, 0x5, 0xe8, 0xff, 0x78, 0x0,
    0x0, 0x0, 0x0, 0xc2, 0xff, 0xa3, 0x0, 0x0,
    0x52, 0xff, 0xf9, 0x16, 0x0, 0x0, 0x0, 0x0,
    0x5a, 0xff, 0xf6, 0x10, 0x0, 0xb6, 0xff, 0xa8,
    0x0, 0x0, 0x0, 0x0, 0x0, 0x6, 0xeb, 0xff,
    0x6a, 0x1d, 0xfd, 0xff, 0x40, 0x0, 0x0, 0x0,
    0x0, 0x0, 0x0, 0x8a, 0xff, 0xce, 0x7f, 0xff,
    0xd7, 0x0, 0x0, 0x0, 0x0, 0x0, 0x0, 0x0,
    0x23, 0xfe, 0xe3, 0xe1, 0xff, 0x70, 0x0, 0x0,
    0x0, 0x0, 0x0, 0x0, 0x0, 0x0, 0xba, 0xf5,
    0xff, 0xf6, 0x11, 0x0, 0x0, 0x0, 0x0, 0x0,
    0x0, 0x0, 0x0, 0x52, 0xff, 0xff, 0xa0, 0x0,
    0x0, 0x0, 0x0, 0x0, 0x0, 0x0, 0x0, 0x0,
    0x33, 0xff, 0xff, 0x38, 0x0, 0x0, 0x0, 0x0,
    0x0, 0x0, 0x0, 0x0, 0x0, 0xa3, 0xff, 0xd0,
    0x0, 0x0, 0x0, 0x0, 0x0, 0x0, 0x0, 0x0,
    0x0, 0x2e, 0xfd, 0xff, 0x62, 0x0, 0x0, 0x0,
    0x0, 0x0, 0x0, 0xb, 0x4, 0x36, 0xda, 0xff,
    0xda, 0x5, 0x0, 0x0, 0x0, 0x0, 0x0, 0x0,
    0x8e, 0xff, 0xff, 0xff, 0xf8, 0x39, 0x0, 0x0,
    0x0, 0x0, 0x0, 0x0, 0x0, 0x24, 0xd6, 0xef,
    0xba, 0x30, 0x0, 0x0, 0x0, 0x0, 0x0, 0x0,
    0x0, 0x0,

    /* U+007A "z" */
    0x82, 0xff, 0xff, 0xff, 0xff, 0xff, 0xff, 0xff,
    0xff, 0xff, 0xae, 0x22, 0xd5, 0xf7, 0xf8, 0xf8,
    0xf8, 0xf8, 0xdd, 0xf3, 0xff, 0xb9, 0x0, 0x0,
    0x0, 0x0, 0x0, 0x0, 0x1, 0xaf, 0xff, 0xec,
    0x21, 0x0, 0x0, 0x0, 0x0, 0x0, 0x0, 0x7f,
    0xff, 0xfc, 0x44, 0x0, 0x0, 0x0, 0x0, 0x0,
    0x0, 0x4d, 0xfe, 0xff, 0x73, 0x0, 0x0, 0x0,
    0x0, 0x0, 0x0, 0x28, 0xf1, 0xff, 0xa6, 0x0,
    0x0, 0x0, 0x0, 0x0, 0x0, 0xe, 0xd8, 0xff,
    0xd0, 0xa, 0x0, 0x0, 0x0, 0x0, 0x0, 0x1,
    0xb3, 0xff, 0xec, 0x20, 0x0, 0x0, 0x0, 0x0,
    0x0, 0x0, 0x83, 0xff, 0xfc, 0x43, 0x0, 0x0,
    0x0, 0x0, 0x0, 0x0, 0x51, 0xfe, 0xff, 0x73,
    0x0, 0x0, 0x0, 0x0, 0x0, 0x0, 0x2a, 0xf3,
    0xff, 0xa6, 0x0, 0x0, 0x0, 0x0, 0x0, 0x0,
    0x0, 0xc7, 0xff, 0xf2, 0xdf, 0xf8, 0xf8, 0xf8,
    0xf8, 0xf8, 0xee, 0x68, 0xae, 0xff, 0xff, 0xff,
    0xff, 0xff, 0xff, 0xff, 0xff, 0xff, 0xe5,

    /* U+007B "{" */
    0x0, 0x0, 0x3, 0x8d, 0xea, 0xff, 0xff, 0x94,
    0x0, 0x0, 0x5f, 0xff, 0xff, 0xff, 0xff, 0x56,
    0x0, 0x0, 0xa2, 0xff, 0xff, 0x78, 0x3d, 0x0,
    0x0, 0x0, 0xb7, 0xff, 0xf9, 0x0, 0x0, 0x0,
    0x0, 0x0, 0xb8, 0xff, 0xf8, 0x0, 0x0, 0x0,
    0x0, 0x0, 0xb8, 0xff, 0xf8, 0x0, 0x0, 0x0,
    0x0, 0x0, 0xb8, 0xff, 0xf8, 0x0, 0x0, 0x0,
    0x0, 0x0, 0xb8, 0xff, 0xf7, 0x0, 0x0, 0x0,
    0x0, 0x0, 0xc9, 0xff, 0xe7, 0x0, 0x0, 0x0,
    0x1c, 0x6e, 0xfd, 0xff, 0xa8, 0x0, 0x0, 0x0,
    0xcd, 0xff, 0xff, 0xe1, 0x1f, 0x0, 0x0, 0x0,
    0xad, 0xff, 0xff, 0xf6, 0x3b, 0x0, 0x0, 0x0,
    0x0, 0x28, 0xf4, 0xff, 0xbb, 0x0, 0x0, 0x0,
    0x0, 0x0, 0xc0, 0xff, 0xec, 0x0, 0x0, 0x0,
    0x0, 0x0, 0xb8, 0xff, 0xf7, 0x0, 0x0, 0x0,
    0x0, 0x0, 0xb8, 0xff, 0xf8, 0x0, 0x0, 0x0,
    0x0, 0x0, 0xb8, 0xff, 0xf8, 0x0, 0x0, 0x0,
    0x0, 0x0, 0xb8, 0xff, 0xf8, 0x0, 0x0, 0x0,
    0x0, 0x0, 0xb7, 0xff, 0xf9, 0x1, 0x0, 0x0,
    0x0, 0x0, 0xa1, 0xff, 0xff, 0x74, 0x39, 0x0,
    0x0, 0x0, 0x5b, 0xff, 0xff, 0xff, 0xff, 0x55,
    0x0, 0x0, 0x3, 0x8b, 0xea, 0xff, 0xff, 0x94,

    /* U+007C "|" */
    0x0, 0x7e, 0xe6, 0x3f, 0x38, 0xff, 0xff, 0x40,
    0x57, 0xff, 0xff, 0x40, 0x58, 0xff, 0xff, 0x40,
    0x58, 0xff, 0xff, 0x40, 0x58, 0xff, 0xff, 0x40,
    0x58, 0xff, 0xff, 0x40, 0x58, 0xff, 0xff, 0x40,
    0x58, 0xff, 0xff, 0x40, 0x58, 0xff, 0xff, 0x40,
    0x58, 0xff, 0xff, 0x40, 0x58, 0xff, 0xff, 0x40,
    0x58, 0xff, 0xff, 0x40, 0x58, 0xff, 0xff, 0x40,
    0x58, 0xff, 0xff, 0x40, 0x58, 0xff, 0xff, 0x40,
    0x58, 0xff, 0xff, 0x40, 0x58, 0xff, 0xff, 0x40,
    0x58, 0xff, 0xff, 0x40, 0x58, 0xff, 0xff, 0x40,
    0x58, 0xff, 0xff, 0x40, 0x58, 0xff, 0xff, 0x3f,
    0x58, 0xff, 0xff, 0x21, 0x56, 0xe2, 0x6d, 0x0,

    /* U+007D "}" */
    0xe1, 0xff, 0xfd, 0xda, 0x51, 0x0, 0x0, 0x0,
    0xa5, 0xff, 0xff, 0xff, 0xf6, 0x18, 0x0, 0x0,
    0xb, 0x4b, 0xad, 0xff, 0xff, 0x51, 0x0, 0x0,
    0x0, 0x0, 0x4a, 0xff, 0xff, 0x67, 0x0, 0x0,
    0x0, 0x0, 0x48, 0xff, 0xff, 0x68, 0x0, 0x0,
    0x0, 0x0, 0x48, 0xff, 0xff, 0x68, 0x0, 0x0,
    0x0, 0x0, 0x48, 0xff, 0xff, 0x68, 0x0, 0x0,
    0x0, 0x0, 0x47, 0xff, 0xff, 0x68, 0x0, 0x0,
    0x0, 0x0, 0x38, 0xff, 0xff, 0x79, 0x0, 0x0,
    0x0, 0x0, 0x8, 0xf0, 0xff, 0xdf, 0x51, 0x9,
    0x0, 0x0, 0x0, 0x51, 0xfc, 0xff, 0xff, 0x88,
    0x0, 0x0, 0x0, 0x80, 0xff, 0xff, 0xfd, 0x69,
    0x0, 0x0, 0x10, 0xfb, 0xff, 0xc1, 0xd, 0x0,
    0x0, 0x0, 0x3c, 0xff, 0xff, 0x70, 0x0, 0x0,
    0x0, 0x0, 0x47, 0xff, 0xff, 0x68, 0x0, 0x0,
    0x0, 0x0, 0x48, 0xff, 0xff, 0x68, 0x0, 0x0,
    0x0, 0x0, 0x48, 0xff, 0xff, 0x68, 0x0, 0x0,
    0x0, 0x0, 0x48, 0xff, 0xff, 0x68, 0x0, 0x0,
    0x0, 0x0, 0x4b, 0xff, 0xff, 0x67, 0x0, 0x0,
    0x9, 0x47, 0xab, 0xff, 0xff, 0x50, 0x0, 0x0,
    0xa4, 0xff, 0xff, 0xff, 0xf5, 0x16, 0x0, 0x0,
    0xe1, 0xff, 0xfe, 0xda, 0x4f, 0x0, 0x0, 0x0,

    /* U+007E "~" */
    0x1b, 0xa8, 0xea, 0xf4, 0xd1, 0x92, 0x3a, 0x0,
    0x0, 0x0, 0x0, 0xb, 0x9d, 0x11, 0xc0, 0xff,
    0xff, 0xff, 0xff, 0xff, 0xff, 0xdc, 0x8d, 0x63,
    0x73, 0xd9, 0xff, 0x5b, 0xd2, 0xda, 0x78, 0x6d,
    0x98, 0xe5, 0xff, 0xff, 0xff, 0xff, 0xff, 0xff,
    0xf1, 0x1e, 0x3b, 0xc, 0x0, 0x0, 0x0, 0x1,
    0x3d, 0x94, 0xd4, 0xf5, 0xef, 0xb0, 0x2d, 0x0
};


/*---------------------
 *  GLYPH DESCRIPTION
 *--------------------*/

static const lv_font_fmt_txt_glyph_dsc_t glyph_dsc[] = {
    {.bitmap_index = 0, .adv_w = 0, .box_w = 0, .box_h = 0, .ofs_x = 0, .ofs_y = 0} /* id = 0 reserved */,
    {.bitmap_index = 0, .adv_w = 103, .box_w = 0, .box_h = 0, .ofs_x = 0, .ofs_y = 0},
    {.bitmap_index = 0, .adv_w = 116, .box_w = 5, .box_h = 18, .ofs_x = 1, .ofs_y = 0},
    {.bitmap_index = 90, .adv_w = 156, .box_w = 8, .box_h = 7, .ofs_x = 1, .ofs_y = 11},
    {.bitmap_index = 146, .adv_w = 323, .box_w = 19, .box_h = 18, .ofs_x = 1, .ofs_y = 0},
    {.bitmap_index = 488, .adv_w = 259, .box_w = 15, .box_h = 24, .ofs_x = 1, .ofs_y = -3},
    {.bitmap_index = 848, .adv_w = 359, .box_w = 21, .box_h = 20, .ofs_x = 1, .ofs_y = -1},
    {.bitmap_index = 1268, .adv_w = 290, .box_w = 17, .box_h = 18, .ofs_x = 1, .ofs_y = 0},
    {.bitmap_index = 1574, .adv_w = 98, .box_w = 5, .box_h = 7, .ofs_x = 1, .ofs_y = 11},
    {.bitmap_index = 1609, .adv_w = 132, .box_w = 7, .box_h = 22, .ofs_x = 1, .ofs_y = -4},
    {.bitmap_index = 1763, .adv_w = 132, .box_w = 8, .box_h = 22, .ofs_x = 0, .ofs_y = -4},
    {.bitmap_index = 1939, .adv_w = 198, .box_w = 11, .box_h = 11, .ofs_x = 1, .ofs_y = 9},
    {.bitmap_index = 2060, .adv_w = 252, .box_w = 14, .box_h = 13, .ofs_x = 1, .ofs_y = 1},
    {.bitmap_index = 2242, .adv_w = 97, .box_w = 5, .box_h = 8, .ofs_x = 1, .ofs_y = -4},
    {.bitmap_index = 2282, .adv_w = 185, .box_w = 10, .box_h = 3, .ofs_x = 1, .ofs_y = 6},
    {.bitmap_index = 2312, .adv_w = 90, .box_w = 4, .box_h = 4, .ofs_x = 1, .ofs_y = 0},
    {.bitmap_index = 2328, .adv_w = 226, .box_w = 13, .box_h = 20, .ofs_x = 1, .ofs_y = -1},
    {.bitmap_index = 2588, .adv_w = 264, .box_w = 15, .box_h = 18, .ofs_x = 1, .ofs_y = 0},
    {.bitmap_index = 2858, .adv_w = 137, .box_w = 7, .box_h = 18, .ofs_x = 0, .ofs_y = 0},
    {.bitmap_index = 2984, .adv_w = 248, .box_w = 14, .box_h = 18, .ofs_x = 1, .ofs_y = 0},
    {.bitmap_index = 3236, .adv_w = 252, .box_w = 14, .box_h = 18, .ofs_x = 1, .ofs_y = 0},
    {.bitmap_index = 3488, .adv_w = 260, .box_w = 16, .box_h = 18, .ofs_x = 0, .ofs_y = 0},
    {.bitmap_index = 3776, .adv_w = 248, .box_w = 14, .box_h = 18, .ofs_x = 1, .ofs_y = 0},
    {.bitmap_index = 4028, .adv_w = 258, .box_w = 15, .box_h = 18, .ofs_x = 1, .ofs_y = 0},
    {.bitmap_index = 4298, .adv_w = 242, .box_w = 15, .box_h = 18, .ofs_x = 0, .ofs_y = 0},
    {.bitmap_index = 4568, .adv_w = 255, .box_w = 14, .box_h = 18, .ofs_x = 1, .ofs_y = 0},
    {.bitmap_index = 4820, .adv_w = 258, .box_w = 15, .box_h = 18, .ofs_x = 1, .ofs_y = 0},
    {.bitmap_index = 5090, .adv_w = 96, .box_w = 4, .box_h = 13, .ofs_x = 1, .ofs_y = 0},
    {.bitmap_index = 5142, .adv_w = 97, .box_w = 5, .box_h = 17, .ofs_x = 1, .ofs_y = -4},
    {.bitmap_index = 5227, .adv_w = 264, .box_w = 15, .box_h = 15, .ofs_x = 1, .ofs_y = 0},
    {.bitmap_index = 5452, .adv_w = 251, .box_w = 14, .box_h = 8, .ofs_x = 1, .ofs_y = 4},
    {.bitmap_index = 5564, .adv_w = 264, .box_w = 15, .box_h = 15, .ofs_x = 1, .ofs_y = 0},
    {.bitmap_index = 5789, .adv_w = 219, .box_w = 12, .box_h = 18, .ofs_x = 1, .ofs_y = 0},
    {.bitmap_index = 6005, .adv_w = 331, .box_w = 19, .box_h = 18, .ofs_x = 1, .ofs_y = 0},
    {.bitmap_index = 6347, .adv_w = 273, .box_w = 15, .box_h = 19, .ofs_x = 1, .ofs_y = -1},
    {.bitmap_index = 6632, .adv_w = 266, .box_w = 15, .box_h = 18, .ofs_x = 1, .ofs_y = 0},
    {.bitmap_index = 6902, .adv_w = 274, .box_w = 16, .box_h = 18, .ofs_x = 1, .ofs_y = 0},
    {.bitmap_index = 7190, .adv_w = 279, .box_w = 16, .box_h = 18, .ofs_x = 1, .ofs_y = 0},
    {.bitmap_index = 7478, .adv_w = 251, .box_w = 14, .box_h = 18, .ofs_x = 1, .ofs_y = 0},
    {.bitmap_index = 7730, .adv_w = 242, .box_w = 14, .box_h = 18, .ofs_x = 1, .ofs_y = 0},
    {.bitmap_index = 7982, .adv_w = 277, .box_w = 16, .box_h = 18, .ofs_x = 1, .ofs_y = 0},
    {.bitmap_index = 8270, .adv_w = 274, .box_w = 15, .box_h = 18, .ofs_x = 1, .ofs_y = 0},
    {.bitmap_index = 8540, .adv_w = 112, .box_w = 3, .box_h = 18, .ofs_x = 2, .ofs_y = 0},
    {.bitmap_index = 8594, .adv_w = 245, .box_w = 13, .box_h = 18, .ofs_x = 1, .ofs_y = 0},
    {.bitmap_index = 8828, .adv_w = 261, .box_w = 15, .box_h = 18, .ofs_x = 1, .ofs_y = 0},
    {.bitmap_index = 9098, .adv_w = 232, .box_w = 13, .box_h = 18, .ofs_x = 1, .ofs_y = 0},
    {.bitmap_index = 9332, .adv_w = 325, .box_w = 18, .box_h = 18, .ofs_x = 1, .ofs_y = 0},
    {.bitmap_index = 9656, .adv_w = 274, .box_w = 15, .box_h = 18, .ofs_x = 1, .ofs_y = 0},
    {.bitmap_index = 9926, .adv_w = 267, .box_w = 15, .box_h = 18, .ofs_x = 1, .ofs_y = 0},
    {.bitmap_index = 10196, .adv_w = 272, .box_w = 15, .box_h = 18, .ofs_x = 1, .ofs_y = 0},
    {.bitmap_index = 10466, .adv_w = 273, .box_w = 15, .box_h = 19, .ofs_x = 1, .ofs_y = -1},
    {.bitmap_index = 10751, .adv_w = 267, .box_w = 15, .box_h = 18, .ofs_x = 1, .ofs_y = 0},
    {.bitmap_index = 11021, .adv_w = 259, .box_w = 15, .box_h = 18, .ofs_x = 1, .ofs_y = 0},
    {.bitmap_index = 11291, .adv_w = 263, .box_w = 16, .box_h = 18, .ofs_x = 0, .ofs_y = 0},
    {.bitmap_index = 11579, .adv_w = 277, .box_w = 15, .box_h = 18, .ofs_x = 1, .ofs_y = 0},
    {.bitmap_index = 11849, .adv_w = 281, .box_w = 16, .box_h = 18, .ofs_x = 1, .ofs_y = 0},
    {.bitmap_index = 12137, .adv_w = 369, .box_w = 21, .box_h = 18, .ofs_x = 1, .ofs_y = 0},
    {.bitmap_index = 12515, .adv_w = 278, .box_w = 16, .box_h = 18, .ofs_x = 1, .ofs_y = 0},
    {.bitmap_index = 12803, .adv_w = 276, .box_w = 16, .box_h = 18, .ofs_x = 1, .ofs_y = 0},
    {.bitmap_index = 13091, .adv_w = 275, .box_w = 16, .box_h = 18, .ofs_x = 1, .ofs_y = 0},
    {.bitmap_index = 13379, .adv_w = 146, .box_w = 8, .box_h = 24, .ofs_x = 1, .ofs_y = -4},
    {.bitmap_index = 13571, .adv_w = 226, .box_w = 13, .box_h = 20, .ofs_x = 1, .ofs_y = -1},
    {.bitmap_index = 13831, .adv_w = 146, .box_w = 7, .box_h = 24, .ofs_x = 1, .ofs_y = -4},
    {.bitmap_index = 13999, .adv_w = 251, .box_w = 14, .box_h = 13, .ofs_x = 1, .ofs_y = 6},
    {.bitmap_index = 14181, .adv_w = 240, .box_w = 13, .box_h = 3, .ofs_x = 1, .ofs_y = -4},
    {.bitmap_index = 14220, .adv_w = 132, .box_w = 7, .box_h = 5, .ofs_x = 1, .ofs_y = 14},
    {.bitmap_index = 14255, .adv_w = 214, .box_w = 11, .box_h = 13, .ofs_x = 1, .ofs_y = 0},
    {.bitmap_index = 14398, .adv_w = 223, .box_w = 12, .box_h = 18, .ofs_x = 1, .ofs_y = 0},
    {.bitmap_index = 14614, .adv_w = 206, .box_w = 11, .box_h = 13, .ofs_x = 1, .ofs_y = 0},
    {.bitmap_index = 14757, .adv_w = 223, .box_w = 12, .box_h = 18, .ofs_x = 1, .ofs_y = 0},
    {.bitmap_index = 14973, .adv_w = 210, .box_w = 12, .box_h = 13, .ofs_x = 1, .ofs_y = 0},
    {.bitmap_index = 15129, .adv_w = 160, .box_w = 10, .box_h = 18, .ofs_x = 0, .ofs_y = 0},
    {.bitmap_index = 15309, .adv_w = 222, .box_w = 12, .box_h = 18, .ofs_x = 1, .ofs_y = -5},
    {.bitmap_index = 15525, .adv_w = 223, .box_w = 12, .box_h = 18, .ofs_x = 1, .ofs_y = 0},
    {.bitmap_index = 15741, .adv_w = 110, .box_w = 5, .box_h = 18, .ofs_x = 1, .ofs_y = 0},
    {.bitmap_index = 15831, .adv_w = 156, .box_w = 9, .box_h = 23, .ofs_x = 0, .ofs_y = -5},
    {.bitmap_index = 16038, .adv_w = 216, .box_w = 12, .box_h = 18, .ofs_x = 1, .ofs_y = 0},
    {.bitmap_index = 16254, .adv_w = 140, .box_w = 7, .box_h = 18, .ofs_x = 1, .ofs_y = 0},
    {.bitmap_index = 16380, .adv_w = 310, .box_w = 17, .box_h = 13, .ofs_x = 1, .ofs_y = 0},
    {.bitmap_index = 16601, .adv_w = 223, .box_w = 12, .box_h = 13, .ofs_x = 1, .ofs_y = 0},
    {.bitmap_index = 16757, .adv_w = 210, .box_w = 12, .box_h = 13, .ofs_x = 1, .ofs_y = 0},
    {.bitmap_index = 16913, .adv_w = 222, .box_w = 12, .box_h = 18, .ofs_x = 1, .ofs_y = -5},
    {.bitmap_index = 17129, .adv_w = 222, .box_w = 12, .box_h = 18, .ofs_x = 1, .ofs_y = -5},
    {.bitmap_index = 17345, .adv_w = 166, .box_w = 9, .box_h = 13, .ofs_x = 1, .ofs_y = 0},
    {.bitmap_index = 17462, .adv_w = 204, .box_w = 11, .box_h = 13, .ofs_x = 1, .ofs_y = 0},
    {.bitmap_index = 17605, .adv_w = 166, .box_w = 10, .box_h = 17, .ofs_x = 0, .ofs_y = 0},
    {.bitmap_index = 17775, .adv_w = 222, .box_w = 12, .box_h = 13, .ofs_x = 1, .ofs_y = 0},
    {.bitmap_index = 17931, .adv_w = 225, .box_w = 13, .box_h = 13, .ofs_x = 1, .ofs_y = 0},
    {.bitmap_index = 18100, .adv_w = 296, .box_w = 17, .box_h = 13, .ofs_x = 1, .ofs_y = 0},
    {.bitmap_index = 18321, .adv_w = 225, .box_w = 12, .box_h = 13, .ofs_x = 1, .ofs_y = 0},
    {.bitmap_index = 18477, .adv_w = 229, .box_w = 13, .box_h = 18, .ofs_x = 1, .ofs_y = -5},
    {.bitmap_index = 18711, .adv_w = 208, .box_w = 11, .box_h = 13, .ofs_x = 1, .ofs_y = 0},
    {.bitmap_index = 18854, .adv_w = 155, .box_w = 8, .box_h = 22, .ofs_x = 1, .ofs_y = -4},
    {.bitmap_index = 19030, .adv_w = 94, .box_w = 4, .box_h = 24, .ofs_x = 1, .ofs_y = -4},
    {.bitmap_index = 19126, .adv_w = 155, .box_w = 8, .box_h = 22, .ofs_x = 1, .ofs_y = -4},
    {.bitmap_index = 19302, .adv_w = 248, .box_w = 14, .box_h = 4, .ofs_x = 1, .ofs_y = 6}
};

/*---------------------
 *  CHARACTER MAPPING
 *--------------------*/



/*Collect the unicode lists and glyph_id offsets*/
static const lv_font_fmt_txt_cmap_t cmaps[] =
{
    {
        .range_start = 32, .range_length = 95, .glyph_id_start = 1,
        .unicode_list = NULL, .glyph_id_ofs_list = NULL, .list_length = 0, .type = LV_FONT_FMT_TXT_CMAP_FORMAT0_TINY
    }
};

/*-----------------
 *    KERNING
 *----------------*/


/*Map glyph_ids to kern left classes*/
static const uint8_t kern_left_class_mapping[] =
{
    0, 0, 0, 0, 0, 0, 0, 0,
    0, 0, 0, 0, 0, 1, 0, 2,
    0, 0, 0, 0, 0, 0, 0, 0,
    3, 0, 0, 0, 0, 0, 0, 0,
    0, 0, 4, 5, 6, 7, 8, 9,
    6, 10, 11, 12, 13, 14, 15, 16,
    17, 18, 17, 19, 20, 21, 22, 23,
    24, 25, 26, 27, 0, 0, 0, 0,
    0, 0, 28, 29, 30, 31, 30, 32,
    31, 33, 34, 35, 36, 37, 33, 33,
    38, 29, 31, 39, 40, 41, 42, 43,
    44, 45, 46, 47, 0, 0, 0, 0
};

/*Map glyph_ids to kern right classes*/
static const uint8_t kern_right_class_mapping[] =
{
    0, 0, 0, 0, 0, 0, 0, 0,
    0, 0, 0, 0, 0, 1, 0, 2,
    0, 0, 3, 0, 0, 4, 0, 0,
    0, 0, 0, 0, 0, 0, 0, 0,
    0, 0, 5, 6, 7, 8, 9, 0,
    7, 10, 0, 11, 0, 0, 12, 13,
    14, 0, 14, 0, 15, 16, 17, 18,
    19, 20, 21, 22, 0, 0, 0, 0,
    0, 0, 23, 24, 25, 26, 25, 27,
    26, 28, 29, 30, 31, 32, 28, 28,
    33, 24, 26, 34, 35, 36, 37, 38,
    39, 40, 41, 42, 0, 0, 0, 0
};

/*Kern values between classes*/
static const int8_t kern_class_values[] =
{
    0, 0, -26, 0, 0, 0, 0, 0,
    0, 0, 0, 0, 0, 0, 0, -26,
    0, -22, -18, 0, -18, 0, 0, 0,
    0, 0, 0, 0, 0, 0, 0, 0,
    0, 0, 0, 0, 0, 0, 0, 0,
    0, 0, 0, 0, -30, -18, 0, 0,
    0, 0, 0, 0, 0, 0, 0, 0,
    0, -34, 0, -18, -18, 0, -26, 0,
    0, 0, 0, 0, 0, 0, 0, 0,
    0, 0, 0, 0, 0, 0, 0, -26,
    0, 0, 0, 0, -26, -26, 0, 0,
    0, 0, 0, 0, 0, 0, 0, 0,
    0, 0, 0, 0, 0, 0, 0, 0,
    0, 0, 0, 0, 0, 0, 0, 0,
    0, 0, 0, 0, 0, 0, 0, 0,
    0, 0, 0, 0, 0, 0, 0, 0,
    0, 0, 0, 0, -10, 0, 0, 0,
    -18, 0, 0, -16, -10, -43, -10, -50,
    -34, -10, -43, 0, 0, 0, -14, -13,
    -18, 0, 0, -34, 0, 0, -18, 0,
    0, -26, 0, -26, -27, -10, -26, 0,
    0, 0, 0, 0, -18, 0, 0, 0,
    0, 0, -10, 0, 0, -2, 0, -18,
    0, -25, -10, -10, -18, 0, -8, 0,
    0, 0, 0, 0, 0, -36, 0, 0,
    -10, 0, 0, -12, 0, -12, -9, -12,
    -4, -2, 0, 0, 0, 0, 0, 0,
    -10, 0, 0, 0, 0, 0, 0, 0,
    0, -18, 0, -10, -10, -10, -18, 0,
    -10, 0, -10, -10, 0, 0, 0, -36,
    0, 0, -10, 0, -6, -2, 0, -10,
    -10, -10, -10, 0, -18, 0, 0, 0,
    -14, 0, 0, 0, 0, 0, -18, 0,
    0, 0, 0, -26, 0, -10, -10, -18,
    -20, -10, -8, 0, 0, 0, 0, 0,
    0, -40, 0, 0, -10, 0, -10, 0,
    0, -10, -10, -10, -10, 0, 0, 0,
    0, 0, -10, 0, -18, 0, 0, 0,
    -18, 0, 0, -18, -10, 0, 0, -12,
    -10, -10, -10, 0, -18, 0, -18, -10,
    -24, 0, 0, -34, 0, 0, -26, 0,
    -14, -20, -4, -22, -20, -18, -15, 0,
    -34, -50, 0, 0, -46, 0, -18, 0,
    -18, 0, -74, 0, 0, -21, -18, -10,
    0, -10, -10, -10, -14, -10, -50, -34,
    -58, -50, -48, -28, -26, -55, 0, 0,
    -58, -50, -50, -50, -46, -50, -50, -50,
    -50, -50, 0, 0, 0, 0, 0, 0,
    0, 0, 0, 0, 0, 0, 0, 0,
    0, 0, 0, 0, 0, 0, -10, 0,
    0, 0, 0, 0, 0, 0, 0, -30,
    0, 0, -10, 0, 0, 0, 0, -18,
    -10, -18, -10, 0, 0, 0, 0, 0,
    0, 0, 0, 0, 0, 0, 0, 0,
    0, 0, 0, 0, 0, 0, 0, 0,
    0, 0, 0, 0, 0, 0, 0, 0,
    0, -34, 0, 0, 0, 0, 0, 0,
    0, 0, 0, 0, 0, 0, 0, 0,
    0, 0, 0, 0, 0, 0, 0, 0,
    0, 0, 0, 0, 0, 0, 0, 0,
    0, 0, 0, 0, 0, 0, 0, 0,
    0, 0, 0, -18, 0, 0, 0, 0,
    0, 0, 0, 0, 0, 0, -18, 0,
    0, 0, 0, 0, -17, 0, -20, 0,
    0, 0, -30, 0, 0, -24, -16, -18,
    0, -18, -18, -18, -18, -14, -4, 0,
    -4, -4, -12, 0, 0, -32, 0, 0,
    -12, 0, -15, -8, 0, -19, -17, -14,
    -14, -4, 0, 0, 0, 0, -10, 0,
    -26, 0, 0, 0, -18, 0, 0, -26,
    -18, -66, -18, -54, -38, -10, -66, 0,
    -18, 0, -18, -18, 0, 0, 0, -26,
    0, 0, -18, 0, -18, -26, -18, -34,
    -34, -18, -34, 0, 0, 0, 0, 0,
    0, 0, 0, 0, 0, 0, -10, 0,
    0, 0, 0, -10, 0, -10, -6, -6,
    -10, 0, 0, 0, 0, 0, 0, 0,
    0, -30, 0, 0, 0, 0, 0, 0,
    0, 0, 0, 0, 0, 0, 0, 0,
    0, 0, 0, 0, -2, 0, 0, 0,
    -10, 0, 0, 0, 0, -10, 0, -10,
    -6, -10, -10, 0, 0, 0, 0, 0,
    0, 0, 0, -30, 0, 0, -10, 0,
    0, 0, 0, -18, -14, -18, -18, 0,
    0, 0, 0, 0, -16, 0, 0, 0,
    0, 0, -14, 0, 0, 0, -4, -22,
    0, -23, -20, -20, -30, -18, -10, 0,
    -10, -10, -10, 0, 0, -30, 0, 0,
    -10, 0, -10, -2, 0, -13, -13, -15,
    -13, -13, -30, -50, 0, 0, -42, 0,
    -10, 0, 0, 0, -56, 0, 0, -10,
    -10, -18, 0, -26, -18, -30, -26, -26,
    -26, -14, -26, -18, -22, -14, -14, -49,
    -14, -14, -29, -14, -18, -4, -18, -18,
    -18, -26, -18, -4, 0, 0, 0, 0,
    0, 0, 0, 0, 0, 0, -18, 0,
    0, -4, 0, -14, 0, -12, -12, -18,
    -20, 0, -10, 0, -10, -10, -14, 0,
    0, -30, 0, 0, -10, 0, -10, -10,
    0, -18, -14, -14, -18, 0, 0, 0,
    0, 0, -10, 0, 0, 0, 0, 0,
    -10, 0, 0, -4, 0, -18, 0, -22,
    -18, -10, -23, -10, 0, 0, 0, 0,
    0, 0, 0, -28, 0, 0, 0, 0,
    0, -4, 0, -18, -18, -4, -4, 0,
    -26, -34, 0, 0, -43, -10, -26, -10,
    0, 0, -70, -10, -10, -24, -18, -10,
    0, -10, -10, -10, -17, 0, -58, -27,
    -58, -58, -30, -28, -27, -52, 0, 0,
    -56, -48, -56, -34, -48, -56, -48, -56,
    -42, -56, 0, 0, 0, 0, -10, 0,
    0, 0, 0, 0, -10, 0, 0, 0,
    0, 0, 0, 0, 0, 0, 0, 0,
    0, 0, 0, 0, 0, 0, 0, -34,
    0, 0, 0, 0, 0, 0, 0, -18,
    -14, -18, -18, 0, -22, -18, 0, 0,
    -50, -10, -10, 0, 0, 0, -34, -10,
    -10, -23, -22, -10, 0, -10, -10, -18,
    -18, -18, -38, -18, -36, -26, -20, -18,
    -14, -48, -18, 0, -38, -26, -22, -8,
    -18, -26, -22, -28, -28, -22, -18, -18,
    0, 0, -34, -6, -10, 0, 0, 0,
    -26, -6, -6, -20, -18, 0, 0, -10,
    0, -10, 0, -10, -30, -14, -26, -26,
    -18, -18, -18, -32, 0, 0, -34, -18,
    -18, -18, -18, -26, -22, -26, -26, -14,
    0, 0, 0, 0, -10, -6, -10, 0,
    0, 0, -18, -6, -10, -20, -10, -10,
    0, -18, -10, -10, -18, 0, -10, 0,
    -10, -18, 0, 0, 0, -26, 0, 0,
    -18, 0, -18, -18, 0, -22, -22, -18,
    -22, -4, -18, -26, 0, 0, -43, 0,
    -18, 0, 0, -10, -30, -10, -10, -30,
    -22, -18, 0, -18, 0, -18, -10, -18,
    -52, -32, -54, -45, -34, -26, -26, -60,
    0, 0, -52, -38, -44, -34, -38, -42,
    -38, -42, -42, -38, 0, 0, 0, 0,
    0, 0, -10, 0, 0, 0, -18, 0,
    0, -18, -10, 0, 0, -18, -10, 0,
    -18, 0, -18, 0, -18, -18, 0, 0,
    0, -26, 0, 0, -26, 0, -18, -6,
    0, -26, -26, -24, -26, 0, 0, 0,
    0, 0, 0, 0, 0, 0, 0, 0,
    0, 0, 0, 0, 0, -30, 0, 0,
    -14, 0, -34, 0, -6, 0, -6, 0,
    0, 0, 0, -33, 0, 0, -7, 0,
    -6, -18, 0, -20, -18, -22, -26, 0,
    0, 0, 0, 0, 0, 0, 0, 0,
    0, 0, 0, 0, 0, 0, 0, -34,
    0, -18, -18, -18, -34, 0, 0, 0,
    0, 0, -10, 0, 0, -41, 0, 0,
    -7, 0, -10, -12, 0, -26, -18, -18,
    -18, -10, 0, 0, 0, 0, 0, 0,
    0, 0, 0, 0, 0, 0, 0, 0,
    0, -34, 0, -18, -18, 0, -34, 0,
    -6, 0, 0, 0, 0, 0, 0, -38,
    0, 0, -10, 0, 0, -11, 0, -18,
    -18, -18, -18, -10, 0, 0, 0, 0,
    0, 0, 0, 0, 0, 0, 0, 0,
    0, 0, 0, -25, 0, 0, -18, 0,
    -30, 0, 0, 0, 0, 0, 0, 0,
    0, -34, 0, 0, -2, 0, 0, -10,
    0, -18, -14, -10, -6, 0, -30, -18,
    0, 0, -26, 0, 0, 0, 0, 0,
    -34, 0, 0, -10, 0, 0, 0, 0,
    0, 0, -18, 0, -27, -18, -28, -30,
    -26, -12, -18, -40, 0, 0, -30, -18,
    -26, -18, -18, -26, -18, -26, -18, -26,
    0, 0, 0, 0, 0, 0, 0, 0,
    0, 0, 0, 0, 0, 0, 0, -30,
    0, -22, -14, 0, -26, 0, 0, 0,
    0, 0, 0, 0, 0, -41, 0, 0,
    -2, 0, 0, -2, 0, -14, -10, -14,
    -14, -10, 0, 0, 0, 0, 0, 0,
    0, 0, 0, 0, 0, 0, 0, 0,
    0, -27, 0, 0, -18, 0, -26, 0,
    0, 0, 0, 0, 0, 0, 0, -33,
    0, 0, -10, 0, 0, -4, 0, -10,
    -10, -10, -10, 0, 0, 0, 0, 0,
    0, 0, 0, 0, 0, 0, 0, 0,
    0, 0, 0, -25, 0, 0, 0, 0,
    0, 0, 0, 0, -10, 0, 0, 0,
    0, -15, 0, 0, 0, 0, 0, 0,
    0, -18, -18, -18, -4, 0, 0, 0,
    0, 0, 0, 0, 0, 0, 0, 0,
    0, 0, 0, 0, 0, -30, 0, -22,
    0, 0, 0, 0, -17, 0, -18, 0,
    0, 0, 0, -39, 0, 0, -18, 0,
    -18, -4, 0, -18, -16, -16, -17, 0,
    0, 0, 0, 0, 0, 0, 0, 0,
    0, 0, 0, 0, 0, 0, 0, 0,
    0, 0, 0, 0, 0, 0, -10, 0,
    -10, -14, -10, 0, 0, -36, 0, -10,
    -10, 0, -6, -28, 0, -26, -20, -4,
    -20, 0, 0, 0, 0, 0, -18, 0,
    0, 0, 0, -10, 0, 0, -10, -10,
    0, -56, 0, -34, -34, -18, -52, 0,
    -10, -2, -7, -7, -18, -2, -10, -41,
    0, 0, -7, 0, -10, -12, -7, -26,
    -18, -22, -26, -14, -26, -26, 0, 0,
    -26, 0, 0, 0, 0, 0, -34, 0,
    0, 0, 0, -34, 0, 0, -18, -26,
    -38, 0, -18, 0, -18, -18, -10, 0,
    -10, -38, 0, 0, -26, -10, -10, -10,
    -10, -10, -10, -18, -18, -10, 0, 0,
    0, 0, 0, 0, 0, 0, 0, 0,
    0, 0, 0, -10, 0, -56, 0, -22,
    -18, -18, -44, 0, -10, 0, 0, 0,
    0, 0, 0, -32, 0, 0, -10, 0,
    0, -18, 0, -18, -18, -18, -18, -8,
    0, 0, 0, 0, 0, 0, 0, 0,
    0, 0, 0, 0, 0, -2, 0, -34,
    0, -8, -18, 0, -34, 0, -8, 0,
    -4, -10, 0, 0, 0, -38, 0, 0,
    -10, 0, 0, -14, 0, -12, -9, -10,
    -10, 0, 0, 0, 0, 0, 0, 0,
    0, 0, 0, 0, 0, 0, 0, 0,
    0, -34, 0, -18, -18, 0, -38, 0,
    0, 0, 0, 0, 0, 0, 0, -32,
    0, 0, -2, 0, 0, -2, 0, -10,
    -6, -10, -10, 0, -18, -26, 0, 0,
    -16, 0, 0, 0, 0, -18, 0, 0,
    -18, -13, -4, -56, -18, -26, -26, -22,
    -42, 0, -22, -10, -26, -24, -10, -10,
    -10, -52, 0, 0, -26, 0, -18, -10,
    -10, -18, -18, -18, -18, -14, -10, 0,
    0, 0, -12, -6, 0, 0, 0, -10,
    0, 0, -14, -13, -4, -48, -14, -22,
    -22, -22, -38, 0, -18, -10, -26, -21,
    -10, -6, -10, -46, 0, 0, -18, 0,
    -10, -9, -6, -18, -10, -18, -18, -10,
    0, 0, 0, 0, -10, 0, -10, 0,
    0, -18, 0, 0, -18, -15, -4, -56,
    -18, -28, -26, -18, -42, 0, -26, -10,
    -26, -22, -18, -10, -10, -32, 0, 0,
    -22, 0, -18, -12, -10, -18, -18, -10,
    -18, -10, 0, 0, 0, 0, -26, 0,
    -10, 0, 0, -18, 0, 0, -18, -13,
    -4, -41, -18, -28, -26, -22, -42, -6,
    -26, -10, -26, -25, -10, -14, -10, -44,
    -10, 0, -26, -14, -18, -18, -10, -18,
    -18, -18, -18, -18, 0, 0, 0, 0,
    0, 0, 0, 0, 0, 0, 0, 0,
    0, -13, 0, -34, 0, -22, -14, -4,
    -38, 0, -10, 0, -14, -18, -6, 0,
    0, -26, 0, 0, -14, 0, 0, -10,
    0, -14, -10, -10, -10, 0
};


/*Collect the kern class' data in one place*/
static const lv_font_fmt_txt_kern_classes_t kern_classes =
{
    .class_pair_values   = kern_class_values,
    .left_class_mapping  = kern_left_class_mapping,
    .right_class_mapping = kern_right_class_mapping,
    .left_class_cnt      = 47,
    .right_class_cnt     = 42,
};

/*--------------------
 *  ALL CUSTOM DATA
 *--------------------*/

#if LVGL_VERSION_MAJOR == 8
/*Store all the custom data of the font*/
static  lv_font_fmt_txt_glyph_cache_t cache;
#endif

#if LVGL_VERSION_MAJOR >= 8
static const lv_font_fmt_txt_dsc_t font_dsc = {
#else
static lv_font_fmt_txt_dsc_t font_dsc = {
#endif
    .glyph_bitmap = glyph_bitmap,
    .glyph_dsc = glyph_dsc,
    .cmaps = cmaps,
    .kern_dsc = &kern_classes,
    .kern_scale = 16,
    .cmap_num = 1,
    .bpp = 8,
    .kern_classes = 1,
    .bitmap_format = 0,
#if LVGL_VERSION_MAJOR == 8
    .cache = &cache
#endif
};



/*-----------------
 *  PUBLIC FONT
 *----------------*/

/*Initialize a public general font descriptor*/
#if LVGL_VERSION_MAJOR >= 8
const lv_font_t ui_font_k2_25 = {
#else
lv_font_t ui_font_k2_25 = {
#endif
    .get_glyph_dsc = lv_font_get_glyph_dsc_fmt_txt,    /*Function pointer to get glyph's data*/
    .get_glyph_bitmap = lv_font_get_bitmap_fmt_txt,    /*Function pointer to get glyph's bitmap*/
    .line_height = 26,          /*The maximum line height required by the font*/
    .base_line = 5,             /*Baseline measured from the bottom of the line*/
#if !(LVGL_VERSION_MAJOR == 6 && LVGL_VERSION_MINOR == 0)
    .subpx = LV_FONT_SUBPX_NONE,
#endif
#if LV_VERSION_CHECK(7, 4, 0) || LVGL_VERSION_MAJOR >= 8
    .underline_position = -2,
    .underline_thickness = 1,
#endif
    .dsc = &font_dsc,          /*The custom font data. Will be accessed by `get_glyph_bitmap/dsc` */
#if LV_VERSION_CHECK(8, 2, 0) || LVGL_VERSION_MAJOR >= 9
    .fallback = NULL,
#endif
    .user_data = NULL,
};



#endif /*#if UI_FONT_K2_25*/

